difftest: gnu = true (GNU coreutils) 9.12 (prefix '') on Linux x86_64
difftest: bore = /stage/bore/dyn
difftest: oracle environment, LC_ALL=C _POSIX2_VERSION=200112
difftest: NOT THE ORACLE OF RECORD: gnu-oracle.toml names 9.11 and this host has true (GNU coreutils) 9.12
difftest: BORE_ORACLE_ANY is set, so this run is INFORMATION, not a verdict
difftest: oracle profile OK — `uniq +1 /dev/null` exits 1 (the obsolete +N operand form is off, so +1 is a file name (B73))
ok   basename: a path
ok   basename: a suffix as the second operand
ok   basename: no operand is a usage error
ok   basename: a third operand is an extra operand
ok   basename: -a takes every operand as a name
ok   basename: -s implies -a
ok   basename: -z ends with NUL
ok   basename: -za is a cluster
ok   basename: -s attached to its cluster
ok   basename: --suffix= inline
ok   basename: a long option abbreviated
ok   basename: options do not permute: an option after an operand is a suffix
ok   basename: options do not permute: -s after operands is an extra operand
ok   basename: root
ok   basename: two slashes
ok   basename: trailing slash
ok   basename: slashes everywhere
ok   basename: the suffix is the whole name
ok   basename: the suffix is the whole name, again
ok   basename: an empty name
ok   basename: an empty suffix
ok   basename: a slash suffix on a trailing-slash name
ok   basename: root with a root suffix
ok   basename: end of options
ok   basename: a lone dash is a name
ok   basename: an unknown short option
ok   basename: an unknown long option
ok   basename: an unknown long option with a value
ok   basename: three dashes
ok   basename: a long option that needs its argument
ok   basename: a short option that needs its argument
ok   basename: an option that takes no argument, given one
ok   basename: an abbreviated option that takes no argument, given one
ok   basename: an ambiguous abbreviation
ok   basename: help wins before a later error
ok   basename: an earlier error wins before help
ok   basename: an operand that needs quoting in the diagnostic
ok   basename: an operand with a tab in the diagnostic
ok   basename: a non-ASCII operand in the diagnostic
ok   basename: a backslash operand in the diagnostic
ok   basename: help alone
ok   basename: version alone
ok   basename: version abbreviated
ok   basename: POSIXLY_CORRECT: an option before operands still parses
ok   basename: standard output closed
ok   basename: standard output closed, the usage error comes first
ok   basename: standard output closed, version
ok   basename: a write error on a live descriptor
ok   cat: no operand reads standard input
ok   cat: a lone dash is standard input
ok   cat: standard input with no trailing newline
ok   cat: empty standard input
ok   cat: one file
ok   cat: two files
ok   cat: the same file twice
ok   cat: an empty file
ok   cat: an empty file between two others
ok   cat: a file with no trailing newline
ok   cat: an unterminated file runs into the next one
ok   cat: a file, then standard input, then the file again
ok   cat: two dashes read standard input once
ok   cat: every byte value, byte for byte
ok   cat: every byte value through standard input
ok   cat: multibyte UTF-8
ok   cat: -E on plain text
ok   cat: -E shows only the carriage return that meets the newline
ok   cat: -E on a file with no trailing newline
ok   cat: -T on tabs
ok   cat: -v on every byte value
ok   cat: -v on multibyte UTF-8
ok   cat: -v shows every carriage return
ok   cat: -A is -vET
ok   cat: -A on tabs
ok   cat: -A on carriage returns
ok   cat: -e is -vE
ok   cat: -e on carriage returns
ok   cat: -t is -vT
ok   cat: -t on tabs
ok   cat: -vET spelled out equals -A
ok   cat: -n numbers every line
ok   cat: -n numbers empty lines too
ok   cat: -b numbers only the lines that are not empty
ok   cat: -b overrides -n
ok   cat: -n before -b is still -b
ok   cat: -b after -n as separate words
ok   cat: numbering runs on across operands
ok   cat: numbering treats an unterminated line as a line
ok   cat: numbering continues through an unterminated file
ok   cat: -b on an unterminated file
ok   cat: -n on an empty file
ok   cat: -n on a file that is one newline
ok   cat: -b on a file that is one newline
ok   cat: a carriage-return line is not empty for -b
ok   cat: -bE on carriage returns
ok   cat: -s collapses runs of empty lines
ok   cat: -s leaves a file with no empty lines alone
ok   cat: -s does not squeeze lines holding a space
ok   cat: -s does not squeeze carriage-return lines
ok   cat: -s squeezes leading and trailing runs
ok   cat: -s squeezes across an operand boundary
ok   cat: -s squeezes before -n numbers
ok   cat: -s with -b
ok   cat: -s with -A
ok   cat: -u is accepted and ignored
ok   cat: every option clustered
ok   cat: the long spellings
ok   cat: --number-nonblank spelled out
ok   cat: --show-ends and --show-tabs
ok   cat: --show-nonprinting
ok   cat: a long option abbreviated to a unique prefix
ok   cat: --squeeze abbreviated
ok   cat: --show-a abbreviated
ok   cat: the same option twice
ok   cat: end of options
ok   cat: end of options with nothing after it reads standard input
ok   cat: options permute after an operand
ok   cat: POSIXLY_CORRECT: an operand ends the options
ok   cat: an unknown short option
ok   cat: an unknown long option
ok   cat: a long option with no long form for it
ok   cat: an ambiguous abbreviation between the two numbering options
ok   cat: an ambiguous abbreviation among the showing options
ok   cat: an ambiguous abbreviation among four
ok   cat: the empty abbreviation lists every long option in order
ok   cat: an option that takes no argument, given one
ok   cat: an equals sign inside a short cluster
ok   cat: help alone
ok   cat: version alone
ok   cat: help wins before a later error
ok   cat: an error before help still loses
ok   cat: help after an operand
ok   cat: a missing file
ok   cat: a missing file does not stop the operands after it
ok   cat: a directory
ok   cat: a directory between two files
ok   cat: a file the host refuses
ok   cat: an empty operand
ok   cat: a missing name needing no quotes
ok   cat: a missing name holding a space
ok   cat: a missing name holding a single quote
ok   cat: a missing name holding a single quote and a space
ok   cat: a missing name holding a single quote and a dollar
ok   cat: a missing name holding a backslash
ok   cat: a missing name holding a double quote
ok   cat: a missing name starting with a hash
ok   cat: a missing name with a hash inside it
ok   cat: a missing name starting with a tilde
ok   cat: a missing name with a tilde inside it
ok   cat: a missing name holding a tab
ok   cat: a missing name holding a non-ASCII byte
ok   cat: a missing name that is only a tab
ok   cat: a missing name holding a quote and a tab
ok   cat: a missing name holding a brace
ok   cat: a missing name holding a colon
ok   cat: a dash after the end of options is a file name
ok   cat: a stream cut short by the reader dies on SIGPIPE
ok   cat: a rendered stream cut short by the reader dies on SIGPIPE
ok   cat: standard output closed
ok   cat: standard output closed, a rendering option
ok   cat: standard output closed, the operand is never opened
ok   cat: standard output closed, standard input
ok   cat: standard output closed, version
ok   cat: a write error on a live descriptor
ok   cat: a write error on a live descriptor, a rendering option
ok   cut: b one position
ok   cut: b a closed range
ok   cut: b from the start
ok   cut: b to the end
ok   cut: b everything
ok   cut: b a comma list
ok   cut: b out of order
ok   cut: b overlapping ranges merge
ok   cut: b overlapping ranges merge to the wider end
ok   cut: b adjacent ranges do not merge
ok   cut: b blanks separate a list as commas do
ok   cut: b the long spelling
ok   cut: b a separate argument
ok   cut: b past the end of every line
ok   cut: b on binary input
ok   cut: b on an empty file
ok   cut: b on a file with no final newline
ok   cut: b on stdin
ok   cut: b two files run together
ok   cut: c is b in the C locale
ok   cut: b beside it, for the same bytes
ok   cut: n is a no-op in the C locale
ok   cut: c counts characters under UTF-8
ok   cut: b still counts bytes under UTF-8
ok   cut: c one character in the middle
ok   cut: c complement under UTF-8
ok   cut: n with b drops a partial character under UTF-8
ok   cut: n with b drops a partial character at both ends
ok   cut: c on invalid UTF-8, where a stray byte is its own character
ok   cut: the locale comes from LC_CTYPE when LC_ALL is empty
ok   cut: the locale comes from LANG when neither is set
ok   cut: LC_ALL wins over LC_CTYPE
ok   cut: f one field
ok   cut: f the middle field
ok   cut: f a comma list
ok   cut: f out of order is still input order
ok   cut: f to the end
ok   cut: f a range and a field that overlap
ok   cut: f past the end of every line
ok   cut: f suppressing the lines with no delimiter
ok   cut: f with a delimiter no line holds
ok   cut: f with a colon delimiter
ok   cut: f with a colon delimiter, to the end
ok   cut: f with a colon delimiter and empty fields
ok   cut: f with a colon delimiter and only the delimited lines
ok   cut: f with an explicit tab delimiter
ok   cut: f with an empty delimiter, which is NUL
ok   cut: f with an empty delimiter on NUL records
ok   cut: f with a delimiter given twice, the last wins
ok   cut: f on a file with no final newline
ok   cut: f on stdin
ok   cut: f on an empty file
ok   cut: a multibyte delimiter is refused in the C locale
ok   cut: a multibyte delimiter works under UTF-8
ok   cut: a two-character delimiter
ok   cut: output delimiter between fields
ok   cut: output delimiter between every field of one range
ok   cut: output delimiter with a range and a field
ok   cut: an empty output delimiter joins the fields
ok   cut: output delimiter given twice, the last wins
ok   cut: output delimiter between byte ranges
ok   cut: output delimiter between two byte ranges with a gap
ok   cut: output delimiter between adjacent byte ranges
ok   cut: no output delimiter inside one merged byte range
ok   cut: output delimiter between two adjacent byte positions
ok   cut: output delimiter with an out-of-order byte list
ok   cut: output delimiter with an open-ended byte range and a position
ok   cut: complement of a byte range
ok   cut: complement of one byte, which is two ranges
ok   cut: complement of the first byte, which is one range
ok   cut: complement of a field
ok   cut: complement of a field with an output delimiter
ok   cut: complement of everything
ok   cut: complement with only the delimited lines
ok   cut: a decreasing range
ok   cut: a range ending at zero
ok   cut: position zero
ok   cut: field zero
ok   cut: character zero
ok   cut: a bare dash
ok   cut: a bare dash for fields
ok   cut: two dashes in one range
ok   cut: two dashes in one field range
ok   cut: an empty list
ok   cut: a list that is only a blank
ok   cut: a trailing comma
ok   cut: an empty item in the middle
ok   cut: a character that names no position
ok   cut: a character that names no field
ok   cut: a byte offset too large to hold
ok   cut: a field number too large to hold
ok   cut: no list at all
ok   cut: two lists of different kinds
ok   cut: two lists of the same kind
ok   cut: two byte lists
ok   cut: a delimiter without fields
ok   cut: only-delimited without fields
ok   cut: a missing operand
ok   cut: a missing operand between two that exist
ok   cut: a directory operand
ok   cut: an empty operand name
ok   cut: a name that has to be quoted
ok   cut: a name holding a tab
ok   cut: an unknown option
ok   cut: an unknown long option
ok   cut: z on NUL records
ok   cut: z on text, which holds no NUL at all
ok   cut: z with fields
ok   cut: z the long spelling
ok   cut: a dash operand reads stdin
ok   cut: a double dash ends the options
ok   cut: options permute with operands
ok   cut: POSIXLY_CORRECT stops the permutation
ok   cut: a short cluster
ok   cut: help alone
ok   cut: version alone
ok   cut: an ambiguous long option
ok   cut: standard output closed
ok   cut: standard output closed, two operands, one message
ok   cut: standard output closed, nothing was written
ok   cut: standard output closed, the open error comes first
ok   cut: standard output closed, version
ok   cut: standard output closed, a usage error comes first
ok   cut: a write error on a live descriptor
ok   dirname: no operand is a usage error
ok   dirname: a directory with a trailing slash
ok   dirname: several operands
ok   dirname: no slash is a dot
ok   dirname: root
ok   dirname: two slashes
ok   dirname: three slashes
ok   dirname: a name under two slashes
ok   dirname: doubled inner slashes
ok   dirname: an empty operand
ok   dirname: dot and dot-dot
ok   dirname: a name with a trailing slash
ok   dirname: -z ends with NUL
ok   dirname: --zero abbreviated
ok   dirname: options permute after an operand
ok   dirname: end of options
ok   dirname: end of options with nothing after it
ok   dirname: an unknown short option
ok   dirname: an option that takes no argument, given one
ok   dirname: an ambiguous abbreviation
ok   dirname: help wins before a later error
ok   dirname: help alone
ok   dirname: version alone
ok   dirname: POSIXLY_CORRECT: an operand ends the options
ok   dirname: standard output closed
ok   dirname: standard output closed, the usage error comes first
ok   dirname: standard output closed, version
ok   echo: no arguments
ok   echo: one word
ok   echo: words are joined by single spaces
ok   echo: -n drops the newline
ok   echo: -e interprets escapes
ok   echo: -E is the default
ok   echo: a cluster applies in order and the last of -e -E wins
ok   echo: -eE and -Ee differ
ok   echo: -Ee interprets
ok   echo: separate -e -n
ok   echo: an unknown letter makes it an operand
ok   echo: end of options is written out
ok   echo: a lone dash is written out
ok   echo: help alone
ok   echo: version alone
ok   echo: help is not abbreviated
ok   echo: help beside another argument is an operand
ok   echo: help after another argument is an operand
ok   echo: escape: named escapes
ok   echo: escape: \e is escape
ok   echo: escape: \c stops everything
ok   echo: escape: \c in a later argument
ok   echo: escape: octal with a leading zero
ok   echo: escape: octal without a leading zero
ok   echo: escape: octal is taken modulo 256
ok   echo: escape: three digits then a literal
ok   echo: escape: \0 alone is NUL
ok   echo: escape: hex, one and two digits
ok   echo: escape: bare \x is literal
ok   echo: escape: unknown escape is literal
ok   echo: escape: trailing backslash is literal
ok   echo: escapes are not interpreted without -e
ok   echo: empty arguments keep their separators
ok   echo: a non-ASCII argument passes through
ok   echo: POSIXLY_CORRECT: escapes are always on
ok   echo: POSIXLY_CORRECT: -e is an operand
ok   echo: POSIXLY_CORRECT: -n still drops the newline
ok   echo: POSIXLY_CORRECT: -n twice
ok   echo: POSIXLY_CORRECT: -ne is an operand
ok   echo: POSIXLY_CORRECT: -n after an operand is an operand
ok   echo: POSIXLY_CORRECT: --help is an operand
ok   echo: standard output closed
ok   echo: standard output closed, the newline alone
ok   echo: standard output closed, version
ok   echo: a write error on a live descriptor
ok   expand: tabs every eight columns
ok   expand: a tab at the start of a line
ok   expand: two tabs in a row
ok   expand: a tab exactly at a stop
ok   expand: a line with no tab at all
ok   expand: empty input
ok   expand: empty lines
ok   expand: no trailing newline
ok   expand: standard input by default
ok   expand: a dash operand is standard input
ok   expand: a file operand
ok   expand: two file operands
ok   expand: the column carries on within a line only
ok   expand: -- ends the options
ok   expand: binary input
ok   expand: -t 4 is a SIZE, not a stop
ok   expand: --tabs
ok   expand: -t attached
ok   expand: -t 1
ok   expand: -t 2 two or more
ok   expand: past the last explicit stop a tab is ONE space
ok   expand: three explicit stops
ok   expand: stops separated by blanks
ok   expand: a slash repeat after explicit stops
ok   expand: a plus repeat after explicit stops
ok   expand: a slash repeat alone is a tab size
ok   expand: a plus repeat alone is a tab size
ok   expand: a plus repeat alone, a different size
ok   expand: a slash repeat of zero falls back to the default
ok   expand: an explicit stop with a slash repeat of zero
ok   expand: -t given twice, the last wins
ok   expand: a very large but usable stop
ok   expand: -t 0 is refused
ok   expand: -t with a decreasing list
ok   expand: -t with an equal pair, which is not ascending
ok   expand: -t with letters
ok   expand: -t with a digit and a letter
ok   expand: -t with a stop too large to hold
ok   expand: -t with an empty argument
ok   expand: -t with a zero among good stops
ok   expand: -t requires an argument
ok   expand: the obsolete -N
ok   expand: the obsolete -N with a leading zero
ok   expand: a flag then the obsolete size
ok   expand: the obsolete size then a flag, which is all tab text
ok   expand: the obsolete size then -t, the last wins
ok   expand: after -- the obsolete size is a file name
ok   expand: -t attached in a cluster is not the obsolete form
ok   expand: -i converts only the leading tabs
ok   expand: --initial
ok   expand: -i where leading spaces keep the line initial
ok   expand: -i over several lines
ok   expand: -i on a line that starts with a non-blank
ok   expand: -i on a line of tabs only
ok   expand: -i with a stop list
ok   expand: a backspace moves back one column
ok   expand: a backspace at column zero does not go below it
ok   expand: several backspaces
ok   expand: a carriage return is an ordinary character here
ok   expand: a carriage return file
ok   expand: a NUL byte is an ordinary character
ok   expand: UTF-8 characters are one column each
ok   expand: UTF-8 under LC_ALL=C counts the bytes
ok   expand: a wide character is two columns
ok   expand: a combining sequence
ok   expand: an invalid UTF-8 byte
ok   expand: a UTF-8 file with tabs
ok   expand: a missing operand
ok   expand: a missing operand among good ones
ok   expand: a directory operand
ok   expand: an operand whose name needs quoting
ok   expand: an empty operand
ok   expand: an unknown short option
ok   expand: an unknown long option
ok   expand: a long option given an argument it does not take
ok   expand: an abbreviated long option
ok   expand: options after an operand permute
ok   expand: POSIXLY_CORRECT stops permuting
ok   expand: --help
ok   expand: --version
ok   expand: --help wins over a later bad option
ok   expand: a bad option before --help does not
ok   expand: standard output closed
ok   expand: standard output closed, version
ok   expand: standard output closed, writing nothing
ok   expand: a write error on a live descriptor
ok   expand: the reader goes away
ok   expand: a large input through a pipe
ok   false: no arguments
ok   false: arguments are ignored
ok   false: help is the sole argument
ok   false: version is the sole argument
ok   false: help is not abbreviated
ok   false: help is not honoured beside another argument
ok   false: version twice is ignored
ok   false: a lone dash is ignored
ok   false: end of options is ignored
ok   false: standard output closed, and nothing is written
ok   false: standard output closed, version
ok   fold: the default width leaves a short line alone
ok   fold: a line exactly 80 columns
ok   fold: standard input by default
ok   fold: a dash operand is standard input
ok   fold: empty input
ok   fold: a file operand
ok   fold: two file operands
ok   fold: -- ends the options
ok   fold: -w 3
ok   fold: --width
ok   fold: -w attached
ok   fold: -w 1
ok   fold: a line exactly the width
ok   fold: a line one over the width
ok   fold: several lines, each broken
ok   fold: empty lines are left alone
ok   fold: no trailing newline
ok   fold: no trailing newline and nothing to break
ok   fold: a very long line
ok   fold: -w given twice, the last wins
ok   fold: -w with a negative number
ok   fold: -w with letters
ok   fold: -w with a suffix, which fold does not take
ok   fold: -w with an empty argument
ok   fold: -w requires an argument
SKIP fold: -w 0, which is a number out of range (GNU appends its C library's strerror(ERANGE) to the message and the two hosts word it differently at one coreutils release: 'Numerical result out of range' under glibc and 'Result too large' under Apple's. boreutils prints glibc's, so this case cannot pass on both hosts.)
SKIP fold: -w past what the host can hold (Same strerror(ERANGE) divergence as the zero case above.)
ok   fold: the obsolete -N
ok   fold: the obsolete -N with a leading zero
ok   fold: -s before the digits is a flag and a width
ok   fold: -b before the digits
ok   fold: digits before a flag are all width text, and are not a number
ok   fold: a flag, digits and another flag
ok   fold: digits either side of a flag
ok   fold: the obsolete width then -w, the last wins
ok   fold: -w then the obsolete width, the last wins
ok   fold: -w attached in a cluster is not the obsolete form
ok   fold: after -- the obsolete width is a file name
ok   fold: the obsolete width with -s given separately
ok   fold: -b counts bytes
ok   fold: --bytes
ok   fold: -b makes a tab one unit
ok   fold: -b makes a backspace one unit
ok   fold: -b makes a carriage return one unit
ok   fold: -b on binary input
ok   fold: -c in the C locale is -b
ok   fold: --characters
ok   fold: -c counts characters under UTF-8
ok   fold: -c counts a wide character as one
ok   fold: -c on an invalid UTF-8 byte counts it alone
ok   fold: -c under LC_ALL=C is bytes again
ok   fold: -b then -c, the last wins
ok   fold: -c then -b, the last wins
ok   fold: a tab advances to the next multiple of eight
ok   fold: a tab that still fits
ok   fold: a tab exactly at the boundary
ok   fold: a tab at column zero
ok   fold: two tabs in a row
ok   fold: a tab in the middle of a broken line
ok   fold: a backspace moves back a column
ok   fold: a backspace at column zero does not go below it
ok   fold: a carriage return returns to column zero
ok   fold: a carriage return in a longer line
ok   fold: the default mode counts display width under UTF-8
ok   fold: the default mode on narrow multibyte characters
ok   fold: the default mode on a combining sequence
ok   fold: -s breaks after the last blank
ok   fold: --spaces
ok   fold: -s at a width where the word does not fit
ok   fold: -s with no blank anywhere falls back to a hard break
ok   fold: -s with a tab as the blank
ok   fold: -s with leading blanks
ok   fold: -s with trailing blanks
ok   fold: -s where the blank is the last character that fits
ok   fold: -s with runs of blanks between words
ok   fold: -s with a tab as the last blank in column mode
ok   fold: -s and -b together
ok   fold: -s on a line of blanks only
ok   fold: -s at width 1
ok   fold: -s over several lines
ok   fold: a missing operand
ok   fold: a missing operand among good ones
ok   fold: a directory operand
ok   fold: an operand whose name needs quoting
ok   fold: an empty operand
ok   fold: an unknown short option
ok   fold: an unknown long option
ok   fold: a long option given an argument it does not take
ok   fold: an abbreviated long option
ok   fold: options after an operand permute
ok   fold: POSIXLY_CORRECT stops permuting
ok   fold: --help
ok   fold: --version
ok   fold: --help wins over a later bad option
ok   fold: a bad option before --help does not
ok   fold: standard output closed
ok   fold: standard output closed, version
ok   fold: standard output closed, writing nothing
ok   fold: a write error on a live descriptor
ok   fold: the reader goes away
ok   fold: a large input through a pipe
ok   fold: one very long line through a pipe
ok   head: default, more lines than ten
ok   head: default, fewer lines than ten
ok   head: default on an empty file
ok   head: default on stdin
ok   head: a dash operand reads stdin
ok   head: no operand and no stdin
ok   head: n 3
ok   head: n 0
ok   head: n attached
ok   head: n long with equals
ok   head: n long abbreviated
ok   head: n more than the file holds
ok   head: n on a file with no final newline
ok   head: n 1 on a file with no final newline
ok   head: n a leading plus is no sign at all
ok   head: n minus 3, all but the last three
ok   head: n minus 0 is the whole file
ok   head: n minus more than the file holds
ok   head: n minus on a file with no final newline
ok   head: n minus 1 on three lines with no final newline
ok   head: n minus 2 on three lines with a final newline
ok   head: n minus on a pipe
ok   head: n minus then a plus, both signs
ok   head: n minus then a blank, the sign is consumed
ok   head: n plus then a blank is a parse error
ok   head: n with a leading blank
ok   head: n given twice, the last wins
ok   head: c 5
ok   head: c 0
ok   head: c more than the file holds
ok   head: c long with equals
ok   head: c minus 5
ok   head: c minus more than the file holds
ok   head: c minus on a pipe, where no fstat can help
ok   head: c minus on a pipe, the whole stream
ok   head: c minus on a file with no final newline
ok   head: c on binary input
ok   head: c minus on binary input
ok   head: c splits a multibyte character
ok   head: n then c, the last wins
ok   head: c then n, the last wins
ok   head: c with the b multiplier
ok   head: c with the K multiplier
ok   head: c with the lowercase k multiplier
ok   head: c with the kB multiplier
ok   head: c with the KiB multiplier
ok   head: c with the lowercase m multiplier
ok   head: n with the b multiplier
ok   head: c minus with a multiplier is the whole file gone
ok   head: a multiplier that names nothing
ok   head: a multiplier with trailing junk
ok   head: a count that overflows is not an error
ok   head: a leading zero is decimal, not octal
ok   head: hexadecimal is not a number here
ok   head: a fraction is not a number here
ok   head: a count that is not a number
ok   head: an empty count
ok   head: a count with nothing after the option
ok   head: two files get banners
ok   head: two files quiet
ok   head: one file verbose
ok   head: quiet then verbose, the last wins
ok   head: verbose then quiet, the last wins
ok   head: the long silent spelling
FAIL head: stdin is named standard input in a banner  args=['-v', '-n', '1', '-']
    bore stdout: b'==> standard input <==\na\n'
    bore stderr: b''
    bore exit: 0
    gnu  stdout: b"==> 'standard input' <==\na\n"
    gnu  stderr: b''
    gnu  exit: 0
FAIL head: a dash beside a file  args=['-n', '1', '-', 'tests/fixtures/plain.txt']
    bore stdout: b'==> standard input <==\na\n\n==> tests/fixtures/plain.txt <==\nalpha\n'
    bore stderr: b''
    bore exit: 0
    gnu  stdout: b"==> 'standard input' <==\na\n\n==> tests/fixtures/plain.txt <==\nalpha\n"
    gnu  stderr: b''
    gnu  exit: 0
ok   head: an empty file still gets its banner
ok   head: three files
ok   head: n 0 still writes the banners
ok   head: a missing operand
ok   head: a missing operand between two that exist
ok   head: a directory operand
ok   head: a directory operand among files takes a banner
ok   head: a directory operand quiet
ok   head: an empty operand name
ok   head: a name that has to be quoted
ok   head: a name holding a single quote
ok   head: a name holding a tab
ok   head: a name holding a brace, which needs no quoting but gets one
ok   head: an unknown option
ok   head: an unknown long option
ok   head: z on NUL records
ok   head: z on text, which holds no NUL at all
ok   head: z minus on NUL records
ok   head: z leaves the banner ending in a newline
ok   head: z long spelling
ok   head: obsolete NUM
ok   head: obsolete zero
ok   head: obsolete NUM with c
ok   head: obsolete NUM with l
ok   head: obsolete NUM with q and two files
ok   head: obsolete NUM with v
ok   head: obsolete NUM with the b multiplier
ok   head: obsolete NUM with the m multiplier
ok   head: obsolete NUM with the b multiplier then c
ok   head: obsolete NUM with an uppercase K is not a multiplier
ok   head: obsolete NUM with a letter that names nothing
ok   head: obsolete NUM then an ordinary option, the last wins
ok   head: obsolete NUM anywhere but first is a trailing option
ok   head: obsolete NUM after another option is a trailing option
ok   head: obsolete NUM twice, the second is a trailing option
ok   head: a double dash ends the options
ok   head: options permute with operands
ok   head: POSIXLY_CORRECT stops the permutation
ok   head: a short cluster
ok   head: help alone
ok   head: help before an error wins
ok   head: an error before help wins
ok   head: version alone
ok   head: an ambiguous long option
ok   head: obsolete c then b, the multiplier comes back
ok   head: obsolete b then l, the multiplier survives l
ok   head: obsolete c then l
ok   head: obsolete l then c
ok   head: standard output closed
ok   head: standard output closed, two operands, one message
ok   head: standard output closed, nothing was written
ok   head: standard output closed, the open error comes first
ok   head: standard output closed, version
ok   head: standard output closed, a usage error comes first
ok   head: a write error on a live descriptor
ok   nl: the default styles number a non-empty body line
ok   nl: an empty line is not numbered by default
ok   nl: standard input by default
ok   nl: a dash operand is standard input
ok   nl: two file operands keep counting
ok   nl: a last line with no newline still gets one
ok   nl: empty input
ok   nl: -- ends the options
ok   nl: -b a numbers every line
ok   nl: -b t numbers only a non-empty line
ok   nl: -b n numbers nothing
ok   nl: --body-numbering
ok   nl: a line holding one space is not empty
ok   nl: -b p with a plain word
ok   nl: -b p anchored at the start
ok   nl: -b p anchored at the end
ok   nl: -b p with a dot
ok   nl: -b p with a star
ok   nl: -b p with a bracket expression
ok   nl: -b p with a negated bracket expression
ok   nl: -b p with a range
ok   nl: -b p with a character class
ok   nl: -b p with an escaped dot
ok   nl: -b p with an empty pattern matches everything
ok   nl: -b p anchored both ends
ok   nl: a star at the start of a pattern is an ordinary character
ok   nl: -n ln
ok   nl: -n rn
ok   nl: -n rz
ok   nl: --number-format
ok   nl: -w 3
ok   nl: -w 1
ok   nl: --number-width
ok   nl: a number wider than -w widens the field
ok   nl: -s a single character
ok   nl: -s empty, which also narrows the unnumbered field
ok   nl: -s more than one character
ok   nl: --number-separator
ok   nl: -v
ok   nl: -v negative
ok   nl: -v negative with rz puts the sign first
ok   nl: -v negative with ln
ok   nl: --starting-line-number
ok   nl: -i 2
ok   nl: -i negative counts down
ok   nl: -i zero stands still
ok   nl: --line-increment
ok   nl: every number option at once, by long name
ok   nl: -l 2 over runs of empty lines
ok   nl: -l 3 over the same runs
ok   nl: -l 1 is the default, numbering every empty line under -b a
ok   nl: -l without -b a changes nothing, because t never numbers an empty line
ok   nl: --join-blank-lines
ok   nl: a non-empty line starts the run again
ok   nl: a page with the default styles
ok   nl: a page with every section numbered
ok   nl: -h alone
ok   nl: -f alone
ok   nl: --header-numbering and --footer-numbering
ok   nl: the number resets at every section
ok   nl: -p runs the count on across sections
ok   nl: --no-renumber
ok   nl: two body sections in a row both start at one
ok   nl: -v sets the number each section starts at
ok   nl: -d of two characters stops the default delimiter matching
ok   nl: -d of one character implies a colon, so @@@ is not a header
ok   nl: -d @: is what -d @ means
ok   nl: -d of more than two characters
ok   nl: -d empty makes every empty line a section line
ok   nl: -d empty starts a HEADER, not a footer
ok   nl: -d empty with -f a leaves the section a header
ok   nl: --section-delimiter
ok   nl: a footer delimiter alone
ok   nl: a delimiter line that is nearly one is an ordinary line
ok   nl: the section carries into the next file operand
ok   nl: the section carries, and -f a shows it
ok   nl: an invalid body style
ok   nl: an invalid header style
ok   nl: an invalid footer style
ok   nl: an invalid number format
ok   nl: a width that is not a number
ok   nl: a starting number that is not a number
ok   nl: an increment that is not a number
ok   nl: a blank-line count that is not a number
ok   nl: an unterminated bracket expression
ok   nl: a missing file
ok   nl: a missing file does not stop the ones after it
ok   nl: a directory operand
ok   nl: an invalid option
ok   nl: an unrecognized long option
ok   nl: --help
ok   nl: --version
ok   nl: --help wins when it comes first
ok   nl: a bad option before --help does NOT stop nl printing the help
ok   nl: a bad option alone is still an error
ok   nl: a bad option before another option is still an error
ok   nl: an option argument that looks like --help is an argument
SKIP nl: a width of zero (GNU appends its C library's strerror(ERANGE) to the message, and the two hosts word it differently at one coreutils release: 'Numerical result out of range' under glibc and 'Result too large' under Apple's. boreutils prints glibc's, so this case cannot pass on both hosts.)
SKIP nl: a BRE interval, which this nl does not implement (The BRE subset here is ^ $ . * and bracket expressions. An interval \{n,m\}, a group \(…\) or a back reference is matched as the literal characters it is written with, so GNU numbers the 'aa' line and boreutils numbers neither. wolf 0.2.14 has no regular-expression surface to borrow, so the subset is written out rather than wrapped.)
ok   nl: standard output closed
ok   nl: standard output closed, two operands, one message
ok   nl: standard output closed, nothing was written
ok   nl: standard output closed, the open error comes first
ok   nl: standard output closed, version
ok   nl: standard output closed, a usage error comes first
ok   nl: a write error on a live descriptor
ok   nproc: the schedulable count
ok   nproc: --all, the installed count
ok   nproc: --all abbreviated
ok   nproc: --ignore
ok   nproc: --ignore as a separate word
ok   nproc: --ignore abbreviated
ok   nproc: --ignore with a plus
ok   nproc: --ignore with a leading zero
ok   nproc: --ignore with a leading blank
ok   nproc: --ignore=0
ok   nproc: --ignore more than there are
ok   nproc: --ignore near 2^63
ok   nproc: --ignore past 2^64
ok   nproc: the last --ignore wins
ok   nproc: --all and --ignore
ok   nproc: --ignore=-1 is an invalid number
ok   nproc: --ignore=-0 is an invalid number
ok   nproc: --ignore=x is an invalid number
ok   nproc: --ignore= is an invalid number
ok   nproc: --ignore=0x3 is an invalid number
ok   nproc: --ignore=3  is an invalid number
ok   nproc: --ignore=1e2 is an invalid number
ok   nproc: --ignore=3x is an invalid number
ok   nproc: --ignore with no argument
ok   nproc: --all with an argument
ok   nproc: -a is not an option
ok   nproc: an unknown long option
ok   nproc: an operand
ok   nproc: two operands
ok   nproc: an operand after --
ok   nproc: OMP_NUM_THREADS='4' replaces the count
ok   nproc: OMP_NUM_THREADS='1' replaces the count
ok   nproc: OMP_NUM_THREADS='40' replaces the count
ok   nproc: OMP_NUM_THREADS='04' replaces the count
ok   nproc: OMP_NUM_THREADS='4,' replaces the count
ok   nproc: OMP_NUM_THREADS='4,2' replaces the count
ok   nproc: OMP_NUM_THREADS='4,0' replaces the count
ok   nproc: OMP_NUM_THREADS='\t3\t' replaces the count
ok   nproc: OMP_NUM_THREADS='3\n' replaces the count
ok   nproc: OMP_NUM_THREADS=' 2 ' replaces the count
ok   nproc: OMP_NUM_THREADS='99999999999999999999' replaces the count
ok   nproc: OMP_NUM_THREADS='18446744073709551615' replaces the count
ok   nproc: OMP_NUM_THREADS='18446744073709551616' replaces the count
ok   nproc: OMP_NUM_THREADS='4294967296' replaces the count
ok   nproc: OMP_NUM_THREADS='+4' is ignored
ok   nproc: OMP_NUM_THREADS='4.5' is ignored
ok   nproc: OMP_NUM_THREADS='4x' is ignored
ok   nproc: OMP_NUM_THREADS='0x4' is ignored
ok   nproc: OMP_NUM_THREADS='4 2' is ignored
ok   nproc: OMP_NUM_THREADS=',4' is ignored
ok   nproc: OMP_NUM_THREADS='-4' is ignored
ok   nproc: OMP_NUM_THREADS='0' is ignored
ok   nproc: OMP_NUM_THREADS='' is ignored
ok   nproc: OMP_NUM_THREADS='  ' is ignored
ok   nproc: OMP_NUM_THREADS='1e1' is ignored
ok   nproc: OMP_THREAD_LIMIT='1' caps the count
ok   nproc: OMP_THREAD_LIMIT='3' caps the count
ok   nproc: OMP_THREAD_LIMIT='2,1' caps the count
ok   nproc: OMP_THREAD_LIMIT=' 2 ' caps the count
ok   nproc: OMP_THREAD_LIMIT='99999999999999999999' caps the count
ok   nproc: OMP_THREAD_LIMIT='+3' is ignored
ok   nproc: OMP_THREAD_LIMIT='3.5' is ignored
ok   nproc: OMP_THREAD_LIMIT='0x2' is ignored
ok   nproc: OMP_THREAD_LIMIT='-1' is ignored
ok   nproc: OMP_THREAD_LIMIT='0' is ignored
ok   nproc: OMP_THREAD_LIMIT='' is ignored
ok   nproc: both variables, the limit lower
ok   nproc: both variables, the limit higher
ok   nproc: OMP_NUM_THREADS and --ignore
ok   nproc: a saturated OMP_NUM_THREADS and --ignore
ok   nproc: --all disregards OMP_NUM_THREADS
ok   nproc: --all disregards OMP_THREAD_LIMIT
ok   nproc: options permute
ok   nproc: help
ok   nproc: help after an operand
ok   nproc: version
ok   nproc: standard output closed is a write error
ok   nproc: a write error on a live descriptor
ok   paste: two files side by side
ok   paste: three files of three, two and one lines
ok   paste: the longest file first
ok   paste: one file is the file
ok   paste: standard input by default
ok   paste: a dash operand is standard input
ok   paste: no operands at all, empty input
ok   paste: an empty file beside a full one
ok   paste: an empty file before a full one
ok   paste: two empty files
ok   paste: one empty file
ok   paste: a file with no final newline
ok   paste: a file with no final newline, on its own
ok   paste: no final newline in the LONGER file
ok   paste: empty lines are fields too
ok   paste: the same file twice
ok   paste: four files
ok   paste: -- ends the options
ok   paste: binary input is byte exact
ok   paste: two dashes pair consecutive lines
ok   paste: three dashes take three at a time
ok   paste: two dashes on an odd number of lines
ok   paste: two dashes on one line
ok   paste: a file and standard input
ok   paste: standard input and a file
ok   paste: two dashes with a delimiter
ok   paste: -d one character
ok   paste: --delimiters
ok   paste: -d attached
ok   paste: -d two characters cycle, and reset each record
ok   paste: -d a list longer than the gaps
ok   paste: -d a list shorter than the gaps
ok   paste: -d an explicit tab
ok   paste: -d a newline
ok   paste: -d a backslash-t escape
ok   paste: -d a backslash-backslash
ok   paste: -d backslash-zero is NO delimiter
ok   paste: -d an empty list is the same as backslash-zero
ok   paste: -d backslash-zero among real delimiters
ok   paste: -d backslash-b is a backspace
ok   paste: -d backslash-f is a form feed
ok   paste: -d backslash-r is a carriage return
ok   paste: -d backslash-v is a vertical tab
ok   paste: -d backslash-a is the LETTER a, not a bell
ok   paste: -d an unknown escape is the character itself
ok   paste: -d an escaped digit that is not zero
ok   paste: -d a list ending in a lone backslash
ok   paste: -d a list that is only escapes
ok   paste: -d a space
ok   paste: -d requires an argument
ok   paste: -d given twice, the last wins
ok   paste: -s one file
ok   paste: --serial
ok   paste: -s two files, one line of output each
ok   paste: -s with a delimiter list that cycles within the file
ok   paste: -s with a delimiter list, two files, and the reset between them
ok   paste: -s on a file with no final newline
ok   paste: -s on an empty file
ok   paste: -s on an empty file between full ones
ok   paste: -s on a one-line file
ok   paste: -s on standard input
ok   paste: -s with two dashes
ok   paste: -s with backslash-zero
ok   paste: -s on twelve lines with a three-item list
ok   paste: -s and -z together
ok   paste: -z on NUL records
ok   paste: --zero-terminated
ok   paste: -z on a newline file, which has no records to speak of
ok   paste: -z with a delimiter
ok   paste: a missing operand
ok   paste: a missing operand among good ones
ok   paste: two missing operands
ok   paste: a missing operand under -s
ok   paste: a directory operand
ok   paste: an operand whose name needs quoting
ok   paste: an empty operand
ok   paste: an unknown short option
ok   paste: an unknown long option
ok   paste: a long option given an argument it does not take
ok   paste: an abbreviated long option
ok   paste: a cluster of short options
ok   paste: options after an operand permute
ok   paste: POSIXLY_CORRECT stops permuting
ok   paste: --help
ok   paste: --version
ok   paste: --help wins over a later bad option
ok   paste: a bad option before --help does not
ok   paste: standard output closed
ok   paste: standard output closed, version
ok   paste: standard output closed, writing nothing
ok   paste: a write error on a live descriptor
ok   paste: the reader goes away
ok   paste: a large input through a pipe
ok   paste: a large input paired with itself
ok   printenv: one variable
ok   printenv: the oracle's own variable
ok   printenv: a variable the case sets
ok   printenv: an empty value is found
ok   printenv: a value holding =
ok   printenv: a value holding a newline
ok   printenv: a value holding non-ASCII text
ok   printenv: a name with a space
ok   printenv: an unset variable is status 1
ok   printenv: set and unset, in order
ok   printenv: a variable named twice
ok   printenv: a name holding = is never found
ok   printenv: a name holding = and nothing else
ok   printenv: an empty name
ok   printenv: -0 ends each value with NUL
ok   printenv: --null
ok   printenv: --nu abbreviated
ok   printenv: -0 with an unset variable
ok   printenv: options stop at the first operand
ok   printenv: --help after an operand is a variable name
ok   printenv: an unknown option after an operand is a variable name
ok   printenv: -- then a name that looks like an option
ok   printenv: POSIXLY_CORRECT changes nothing here
ok   printenv: an unknown option is status 2
ok   printenv: an unknown long option is status 2
ok   printenv: --null takes no argument
ok   printenv: help
ok   printenv: help abbreviated
ok   printenv: version
ok   printenv: a write error is status 2
ok   printenv: a write error from help is status 2
ok   printenv: nothing written and a variable unset is status 1, not a write error
ok   printenv: a write error on a live descriptor is status 2
SKIP printenv: every variable (wolf 0.2.20 lists the environment only through env_vars(), which answers it SORTED; GNU prints the order the process received, and the harness hands every case PATH before LC_ALL (wolf-lang#535))
SKIP printenv: every variable, NUL-terminated (wolf 0.2.20 lists the environment only through env_vars(), which answers it SORTED; GNU prints the order the process received, and the harness hands every case PATH before LC_ALL (wolf-lang#535))
SKIP printenv: every variable, with one the case adds (wolf 0.2.20 lists the environment only through env_vars(), which answers it SORTED; GNU prints the order the process received, and the harness hands every case PATH before LC_ALL (wolf-lang#535))
SKIP printenv: the listing after -- (wolf 0.2.20 lists the environment only through env_vars(), which answers it SORTED; GNU prints the order the process received, and the harness hands every case PATH before LC_ALL (wolf-lang#535))
ok   printf: no operand
ok   printf: a plain format
ok   printf: an empty format
ok   printf: the format is reused
ok   printf: two conversions, reused, the last pass short
ok   printf: a missing string is empty
ok   printf: missing values of every kind
ok   printf: a missing %c is a NUL byte
ok   printf: excess arguments are ignored with a warning
ok   printf: excess arguments after %%
ok   printf: an empty format with an argument
ok   printf: -- is skipped once
ok   printf: -- alone is a missing operand
ok   printf: -- then --help is a format
ok   printf: a lone - is a format
ok   printf: -x is a format
ok   printf: -n is a format, and its argument is excess
ok   printf: --help with an argument is a format
ok   printf: --version with an argument is a format
ok   printf: --he is a format, not help
ok   printf: a format with no conversion and no argument
ok   printf: reuse stops when a pass consumes nothing
ok   printf: the one-letter escapes
ok   printf: unknown escapes are written as they are
ok   printf: octal, one to three digits
ok   printf: octal with a leading zero counts it
ok   printf: octal past 255 drops the ninth bit
ok   printf: octal stops at 8
ok   printf: a NUL
ok   printf: hex, one and two digits
ok   printf: hex with no digit is fatal
ok   printf: hex at the end with no digit
ok   printf: \c stops all output
ok   printf: \c stops the reuse too
ok   printf: \c alone
ok   printf: a trailing backslash
ok   printf: a lone backslash
ok   printf: \u for ASCII
ok   printf: \u for a NUL and DEL
ok   printf: \u past ASCII in the C locale
ok   printf: \U in the C locale
ok   printf: \u with too few digits is fatal
ok   printf: \U with too few digits is fatal
ok   printf: a high surrogate is fatal
ok   printf: a low surrogate is fatal
ok   printf: a surrogate through \U is fatal
ok   printf: output before a fatal escape is written
ok   printf: \u under UTF-8
ok   printf: \u under LANG only
ok   printf: \u under LC_CTYPE
ok   printf: %b interprets escapes
ok   printf: %b octal forms
ok   printf: %b \0 alone
ok   printf: %b \0 then four digits
ok   printf: %b quotes and unknowns
ok   printf: %b \c stops everything
ok   printf: %b \c in the middle of a reuse
ok   printf: %b \c alone
ok   printf: %b hex
ok   printf: %b hex with no digit is fatal
ok   printf: %b \u
ok   printf: %b \u too short is fatal
ok   printf: %b a surrogate is fatal
ok   printf: %b a trailing backslash
ok   printf: %b under UTF-8
ok   printf: %b takes no width
ok   printf: %b takes no precision
ok   printf: %b takes no flag
ok   printf: %q of ordinary words
ok   printf: %q of an empty argument
ok   printf: %q of spaces and specials
ok   printf: %q of quotes
ok   printf: %q of a backslash
ok   printf: %q of a leading # and ~
ok   printf: %q of control bytes
ok   printf: %q of DEL and non-ASCII under C
ok   printf: %q of printable and control mixed
ok   printf: %q under UTF-8 keeps a printable character
ok   printf: %q takes no width
ok   printf: %q takes no precision
ok   printf: %c takes the first byte
ok   printf: %c of a multibyte character is its first byte
ok   printf: %c with a width
ok   printf: %c of nothing with a width
ok   printf: %c takes no precision
ok   printf: %c takes no 0
ok   printf: %c takes no #
ok   printf: %c accepts + and space
ok   printf: %s width and precision
ok   printf: %s precision cuts bytes, not characters
ok   printf: %s takes no 0
ok   printf: %s takes no #
ok   printf: %s accepts + and space
ok   printf: %s empty precision
ok   printf: %s of --
ok   printf: %s under UTF-8 still counts bytes
ok   printf: decimal, signs and blanks
ok   printf: hex and octal
ok   printf: 0x with no digit
ok   printf: 08 is octal 0 and a remainder
ok   printf: an exponent is a remainder
ok   printf: a trailing blank is a remainder
ok   printf: trailing letters
ok   printf: nothing numeric
ok   printf: a sign and a space
ok   printf: a lone plus
ok   printf: character constants
ok   printf: a lone quote
ok   printf: a character constant under POSIXLY_CORRECT
ok   printf: a non-ASCII character constant under C
ok   printf: a non-ASCII character constant under UTF-8
ok   printf: the 64-bit limits
ok   printf: past the 64-bit limits
ok   printf: hex past the signed limit
ok   printf: octal at and past the limits
ok   printf: unsigned of -1
ok   printf: unsigned limits
ok   printf: unsigned of negatives
ok   printf: hex of a negative past the signed limit
ok   printf: octal at and past 2^64
ok   printf: hex of character constants
ok   printf: unsigned of the signed limit
ok   printf: a width argument that is not a number
ok   printf: a 0b prefix
ok   printf: every integer conversion
ok   printf: width, left and zero
ok   printf: signs
ok   printf: precision
ok   printf: precision 0 of 0 is nothing
ok   printf: 0 is ignored beside a precision
ok   printf: space and 0
ok   printf: # on octal and hex
ok   printf: # on octal with a precision
ok   printf: # of zero with precision 0
ok   printf: + and space are ignored for unsigned
ok   printf: the ' flag is accepted and does nothing in C
ok   printf: length modifiers are skipped
ok   printf: h does not truncate
ok   printf: q is a conversion, not a modifier
ok   printf: a width from an argument
ok   printf: a negative width argument left-justifies
ok   printf: a precision from an argument
ok   printf: a negative precision argument is none
ok   printf: a width argument past an int is fatal
ok   printf: a width argument that fits
ok   printf: a literal width past an int
ok   printf: %1$ twice
ok   printf: indexed and sequential count separately
ok   printf: the highest index is what a pass consumed
ok   printf: a sequential then an indexed reference
ok   printf: %s then %1$
ok   printf: an index past the arguments
ok   printf: a huge index
ok   printf: %5$ with one argument
ok   printf: index 0 is invalid
ok   printf: an index and no conversion
ok   printf: two indexes
ok   printf: a width from an indexed argument
ok   printf: an indexed width beside a sequential value
ok   printf: a width from argument 1 for the first value
ok   printf: a precision from an indexed argument
ok   printf: %y
ok   printf: a lone % at the end
ok   printf: % then a newline
ok   printf: %5%
ok   printf: %n
ok   printf: %p
ok   printf: %C
ok   printf: %S
ok   printf: %Q
ok   printf: %(
ok   printf: # on %d
ok   printf: # on %i
ok   printf: # on %u
ok   printf: ' on %o
ok   printf: ' on %x
ok   printf: ' on %X
ok   printf: ' on %e
ok   printf: ' on %E
ok   printf: ' on %a
ok   printf: ' on %A
ok   printf: every flag on %s
ok   printf: output before a refused specification is written
ok   printf: I on integers
ok   printf: I on o x X
ok   printf: I on floating conversions
ok   printf: I on %e
ok   printf: I on %c
ok   printf: decimal forms
ok   printf: hex forms
ok   printf: 0x with no digit, as a floating value
ok   printf: an exponent with no digit is a remainder
ok   printf: a hex exponent with no digit
ok   printf: a comma is a remainder
ok   printf: nothing numeric, as a floating value
ok   printf: infinities and NaNs
ok   printf: a negative NaN
ok   printf: remainders after inf and nan
ok   printf: character constants as floating values
ok   printf: leading blanks of every kind
ok   printf: negative zero
ok   printf: overflow is out of range
ok   printf: underflow is out of range
ok   printf: range beats a remainder
ok   printf: the long double maximum and one past it
ok   printf: the double maximum and one past it
ok   printf: 1e309, finite in x87 and not in double
ok   printf: 1e4932
ok   printf: the smallest x87 normal and below
ok   printf: the smallest x87 subnormal, exactly
ok   printf: below the smallest x87 subnormal
ok   printf: an inexact x87 subnormal
ok   printf: x87 subnormal tail
ok   printf: the smallest double normal and below
ok   printf: double subnormals
ok   printf: an inexact double subnormal
ok   printf: hex past the x87 maximum
ok   printf: 1e4000
ok   printf: a long decimal argument
ok   printf: many leading zeros
ok   printf: %f %e %g %E %G %F of 1.5
ok   printf: ties and near-ties at one decimal
ok   printf: ties at no decimals
ok   printf: 2.675 and friends
ok   printf: 0.1 to twenty places
ok   printf: 0.1 to thirty places
ok   printf: 1e-30 to forty places
ok   printf: past the mantissa
ok   printf: %e ordinary values
ok   printf: %e precision 0 and #
ok   printf: %e rounding up a digit
ok   printf: %e three-digit exponents
ok   printf: %g switches between f and e
ok   printf: %g at the boundaries
ok   printf: %g precision
ok   printf: %g significant digits of 0.1
ok   printf: %g with #
ok   printf: %g more
ok   printf: %G %E %F
ok   printf: %.3g %.10g
ok   printf: # keeps the point
ok   printf: width and precision
ok   printf: zero padding after the sign
ok   printf: %e padding
ok   printf: %.0f padding
ok   printf: infinities are padded with spaces, never zeros
ok   printf: signs on infinities and NaNs
ok   printf: upper-case infinities and NaNs
ok   printf: floating flags accepted
ok   printf: %e flags accepted
ok   printf: %g flags accepted
ok   printf: precision from an argument
ok   printf: %a %A of 1
ok   printf: %a of 0.1
ok   printf: %a of small integers
ok   printf: %a of zeros and infinity
ok   printf: %a with a precision
ok   printf: %a precision 0, ties
ok   printf: %a rounding carries into the leading digit
ok   printf: %a precision and width
ok   printf: %a padding
ok   printf: %a with #
ok   printf: %a of 5 with every flag
ok   printf: %a past double's mantissa
ok   printf: help
ok   printf: version
ok   printf: standard output closed is a write error
ok   printf: nothing written with standard output closed
ok   printf: help with standard output closed
ok   printf: a write error on a live descriptor
ok   pwd: the repository root, physical
ok   pwd: -L with no $PWD falls back to physical
ok   pwd: the default is physical
ok   pwd: -P
ok   pwd: the default ignores $PWD
ok   pwd: -L prints $PWD through a link
ok   pwd: --logical
ok   pwd: --log abbreviated
ok   pwd: --physical
ok   pwd: --ph abbreviated
ok   pwd: -L with $PWD the physical name
ok   pwd: -L keeps a trailing slash
ok   pwd: -L keeps a doubled slash
ok   pwd: -L refuses a . component
ok   pwd: -L refuses a trailing /.
ok   pwd: -L refuses a .. component
ok   pwd: -L refuses a trailing ..
ok   pwd: -L refuses a relative $PWD
ok   pwd: -L refuses an empty $PWD
ok   pwd: -L refuses a different directory
ok   pwd: -L refuses the parent
ok   pwd: -L refuses the root
ok   pwd: -L refuses a path that does not exist
ok   pwd: -L refuses a link to somewhere else
ok   pwd: -L in a subdirectory, through a link
ok   pwd: -L in a subdirectory, through a link and a path
ok   pwd: -P in a subdirectory reached through links
ok   pwd: -LP: the last wins
ok   pwd: -PL: the last wins
ok   pwd: -L -P -L
ok   pwd: POSIXLY_CORRECT makes -L the default
ok   pwd: POSIXLY_CORRECT and -P
ok   pwd: POSIXLY_CORRECT with an unusable $PWD
ok   pwd: an operand is ignored, with a warning
ok   pwd: two operands
ok   pwd: an operand after --
ok   pwd: an operand before an option
ok   pwd: an unknown option
ok   pwd: an unknown long option
ok   pwd: --logical takes no argument
ok   pwd: help
ok   pwd: version
ok   pwd: standard output closed is a write error
ok   pwd: a write error on a live descriptor
SKIP pwd: -L refuses a twin directory with the same listing and time (no file identity in wolf 0.2.20: fs_fstat answers [kind, size, mtime] and nothing answers a device and inode, so a cp -a twin of the working directory is indistinguishable from it (wolf-lang#536))
ok   seq: one operand is LAST
ok   seq: one operand of zero prints nothing
ok   seq: one negative operand prints nothing
ok   seq: two operands are FIRST and LAST
ok   seq: two operands the wrong way round print nothing
ok   seq: three operands are FIRST, INCREMENT and LAST
ok   seq: FIRST equal to LAST is one value
ok   seq: an INCREMENT larger than the range is one value
ok   seq: a negative INCREMENT counts down
ok   seq: a negative FIRST needs no -- to be an operand
ok   seq: a negative FIRST with a negative INCREMENT
ok   seq: counting down to a negative LAST
ok   seq: -- ends the options
ok   seq: the float accumulation case, 0 to 1 by a tenth
ok   seq: 1 to 2 by a tenth
ok   seq: a tenth to a half by a tenth
ok   seq: an INCREMENT that never lands on LAST
ok   seq: a quarter step gives two decimals
ok   seq: an eighth step gives three
ok   seq: six decimals
ok   seq: a negative fractional step
ok   seq: the precision comes from FIRST and INCREMENT, never from LAST
ok   seq: the precision comes from INCREMENT alone
ok   seq: the precision comes from FIRST alone
ok   seq: a trailing zero in FIRST is still a decimal digit
ok   seq: a bare point is no decimal digits
ok   seq: a leading point
ok   seq: negative zero survives
ok   seq: integers past what a double can separate
ok   seq: integers past that with a step of two
ok   seq: integers around two to the fifty-third
ok   seq: a thousand values
ok   seq: an exponent in every operand
ok   seq: a negative exponent
ok   seq: an exponent in FIRST alone
ok   seq: an exponent in INCREMENT alone
ok   seq: an exponent in LAST alone
ok   seq: an exponent in LAST does not change the format
ok   seq: an exponent in FIRST does not change it either
ok   seq: nor does one in INCREMENT
ok   seq: an exponent sets the SCALE, so 1e-2 is two decimals
ok   seq: and 1.5e1 is none
ok   seq: a negative exponent on a number that already has decimals
ok   seq: the same number written with the point moved
ok   seq: a million, which %g would have written as an exponent
ok   seq: thirty decimals
ok   seq: a capital E exponent
ok   seq: a signed exponent
ok   seq: hex operands
ok   seq: a hex float with a binary exponent
ok   seq: a hex range
ok   seq: -w over integers
ok   seq: --equal-width
ok   seq: -w pads after the sign
ok   seq: -w with a negative FIRST and a positive LAST
ok   seq: -w counting down
ok   seq: -w takes its width from both ends
ok   seq: -w when nothing needs padding
ok   seq: -w over floats
ok   seq: -w with a fractional step
ok   seq: -w with one operand
ok   seq: -w over %g operands
ok   seq: -w over a wide range
ok   seq: -s a comma
ok   seq: --separator
ok   seq: -s empty
ok   seq: -s more than one character
ok   seq: -s is never unescaped
ok   seq: -s on an empty sequence writes nothing at all
ok   seq: -s on a single value
ok   seq: -f %g
ok   seq: --format
ok   seq: -f %.3f
ok   seq: -f %e
ok   seq: -f %E
ok   seq: -f %F
ok   seq: -f %G
ok   seq: -f with a zero-padded width
ok   seq: -f with literal text around the directive
ok   seq: -f with a plus flag
ok   seq: -f with a space flag
ok   seq: -f left justified
ok   seq: -f with the alternate flag
ok   seq: -f with a doubled percent
ok   seq: -f %.0f rounds half to even
ok   seq: -f %e on a fraction
ok   seq: -f %g switches to an exponent when the number is small
ok   seq: -f %g switches to an exponent when the number is large
ok   seq: -f %.10g
ok   seq: -f %.1e
ok   seq: no operands
ok   seq: four operands
ok   seq: a zero INCREMENT
ok   seq: an operand that is not a number
ok   seq: an INCREMENT that is not a number
ok   seq: trailing text after a number
ok   seq: not-a-number as the only operand
ok   seq: not-a-number as the INCREMENT
ok   seq: -f beside -w
ok   seq: -f with no directive
ok   seq: -f with two directives
ok   seq: -f ending in a percent
ok   seq: -f with an integer conversion
ok   seq: -f with a string conversion
ok   seq: -f with a character conversion
ok   seq: an invalid option
ok   seq: an unrecognized long option
ok   seq: an infinite FIRST prints nothing
ok   seq: a negatively infinite LAST stops an ascending walk at once
ok   seq: an infinite LAST is unbounded, and the reader stops it
ok   seq: INF in capitals is the same word
ok   seq: infinity spelled out
ok   seq: --help
ok   seq: --version
ok   seq: --help wins when it comes first
ok   seq: a bad option before --help is still an error
SKIP seq: huge integers GNU cannot separate (GNU's arbitrary-precision path does not take this one, so it walks in long double, where x + 1 == x: coreutils 9.11 prints -100000000000000000000 forever on BOTH hosts. boreutils computes in exact decimal and prints the three values asked for, then stops. Recorded, not imitated: a case here would hang the harness.)
SKIP seq: a huge FIRST with a fractional INCREMENT (Same shape as the case above: GNU prints 100000000000000000000.0 forever on both hosts because the increment is below the long double ulp there. boreutils prints the five exact values and stops.)
SKIP seq: an explicit -f precision coarser than the exact value (GNU rounds its long double, whose 0.05 is a shade above one twentieth, and prints 0.1 0.2 0.2. The exact value is a tie, and round-half-to-even prints 0.0 0.2 0.2 0.4 — the fourth value is there because 0.35 is exactly reachable in decimal and not in long double. The DEFAULT format cannot reach this, because its precision is never coarser than the values it prints.)
SKIP seq: -f %a, the one conversion boreutils does not implement (The hexadecimal float conversion is the C library's, and the two hosts' libraries disagree at the same coreutils 9.11: Apple's prints 0x1p+0 0x1p+1 and glibc prints 0x8p-3 0x8p-2. No answer matches both, so seq refuses %a with GNU's own unknown-directive wording and the divergence is recorded here.)
SKIP seq: a value too large for a long double to hold exactly (The two hosts do not agree with each other here, let alone with an exact answer: macOS prints 1000000000000000019884624838656 (its long double is a double) and linux prints 1000000000000000000024696061952 (x87 extended), and macOS stops one value earlier. boreutils prints 1e30, 2e30 and 3e30 exactly.)
SKIP seq: an exponent too large for a long double (Another C library difference at one coreutils release: macOS refuses '1e400' as an invalid floating point argument and linux reads it as an infinity and never stops. boreutils reads the exponent exactly and treats it as the finite number it is.)
ok   seq: standard output closed
ok   seq: standard output closed, an empty sequence writes nothing
ok   seq: standard output closed, version
ok   seq: standard output closed, a usage error comes first
ok   seq: standard output closed, an operand error comes first
ok   seq: a write error on a live descriptor
ok   sleep: zero
ok   sleep: a hundredth of a second
ok   sleep: a leading point
ok   sleep: an exponent
ok   sleep: an upper-case exponent
ok   sleep: a hex float
ok   sleep: a hex fraction
ok   sleep: a hex integer, small
ok   sleep: the s suffix
ok   sleep: the m suffix
ok   sleep: the h and d suffixes, summed
ok   sleep: a hex number with a binary exponent and a day
ok   sleep: a nanosecond
ok   sleep: an interval smaller than any clock
ok   sleep: an underflowing exponent
ok   sleep: several operands
ok   sleep: a plus sign
ok   sleep: leading blanks
ok   sleep: a leading tab
ok   sleep: negative zero after --
ok   sleep: negative zero with a fraction
ok   sleep: a zero exponent
ok   sleep: end of options and no operand
ok   sleep: a word
ok   sleep: an empty operand
ok   sleep: trailing blanks
ok   sleep: trailing letters
ok   sleep: two suffixes
ok   sleep: an upper-case suffix
ok   sleep: minutes in upper case
ok   sleep: a NaN
ok   sleep: a NaN with a payload
ok   sleep: an exponent with no digits
ok   sleep: a suffix then a digit
ok   sleep: inf with a trailing sign
ok   sleep: a comma for a point
ok   sleep: 0x with no digits
ok   sleep: a point and a suffix only
ok   sleep: a suffix alone
ok   sleep: a negative interval after --
ok   sleep: negative infinity after --
ok   sleep: a lone dash
ok   sleep: -- as an operand
ok   sleep: every invalid operand is named before one Try line
ok   sleep: a valid operand between two invalid ones
ok   sleep: a non-ASCII operand is quoted with octal escapes
ok   sleep: no operand
ok   sleep: -1 is an option
ok   sleep: -0 is an option
ok   sleep: -inf is an option cluster
ok   sleep: an unknown long option
ok   sleep: an unknown short option
ok   sleep: options permute: an operand before --help
ok   sleep: POSIXLY_CORRECT stops options at the first operand
ok   sleep: help, with an operand after it
ok   sleep: help abbreviated
ok   sleep: version
ok   sleep: version abbreviated, after an operand
ok   sleep: nothing written, so a closed standard output is no error
ok   sleep: help with standard output closed is a write error
ok   sleep: help into a full disk is a write error
ok   sort: a file of words
ok   sort: standard input by default
ok   sort: a dash operand is standard input
ok   sort: two files are one input
ok   sort: the same file twice
ok   sort: standard input among files
ok   sort: a dash twice reads standard input once
ok   sort: a last line with no newline gets one
ok   sort: no final newline on standard input
ok   sort: a file without a newline does not join the next
ok   sort: empty input
ok   sort: empty standard input
ok   sort: one empty line
ok   sort: empty lines sort first
ok   sort: runs of blank lines
ok   sort: upper case before lower case
ok   sort: digits before letters
ok   sort: a prefix sorts first
ok   sort: duplicates are kept
ok   sort: already sorted
ok   sort: reverse sorted input
ok   sort: leading blanks are significant
ok   sort: a tab sorts before a space
ok   sort: bytes above 127 sort after ASCII
ok   sort: binary input is byte exact
ok   sort: NUL bytes inside lines
ok   sort: CRLF is not special
ok   sort: control characters
ok   sort: a line longer than a read
ok   sort: many lines
ok   sort: the options end at a double dash
ok   sort: a dash-named file after a double dash
ok   sort: a missing file
ok   sort: a missing file after a good one writes nothing
ok   sort: a missing file before a good one
ok   sort: two missing files name the first
ok   sort: a directory
ok   sort: an empty file name
ok   sort: a file name that needs quoting
ok   sort: an unknown option
ok   sort: y is obsolete and ignored
ok   sort: y takes an attached word
ok   sort: an unknown long option
ok   sort: an ambiguous long option
ok   sort: an ambiguous prefix
ok   sort: an option missing its argument
ok   sort: a long option missing its argument
ok   sort: a flag given an argument
ok   sort: help
ok   sort: version
ok   sort: help before a bad option
ok   sort: a bad option before help
ok   sort: standard output closed
ok   sort: standard output closed, nothing to write
ok   sort: standard output closed, help
ok   sort: r reverses
ok   sort: r on standard input
ok   sort: r keeps duplicates
ok   sort: r with empty lines
ok   sort: reverse spelled long
ok   sort: r twice is still r
ok   sort: u drops duplicates
ok   sort: u on groups
ok   sort: u with r
ok   sort: u on empty lines
ok   sort: unique spelled long
ok   sort: u keeps distinct lines
ok   sort: s on whole lines changes nothing
ok   sort: stable spelled long
ok   sort: s with r
ok   sort: u and s together
ok   sort: options permute with operands
ok   sort: POSIXLY_CORRECT stops the permutation
ok   sort: a prefix naming one option
ok   sort: y does not take the next word
ok   sort: n on a mixed file
ok   sort: n reversed
ok   sort: n unique
ok   sort: n stable
ok   sort: n with leading zeros
ok   sort: n unique keeps the first equal
ok   sort: n fractions digit by digit
ok   sort: n negative numbers
ok   sort: n every spelling of zero
ok   sort: n every spelling of zero, stable
ok   sort: n plus is not a sign
ok   sort: n stops at a comma
ok   sort: n stops at an exponent
ok   sort: n longer than any integer
ok   sort: n blank lines are zero
ok   sort: n with leading tabs and spaces
ok   sort: numeric-sort spelled long
ok   sort: n reversed stable
ok   sort: h on sizes
ok   sort: h reversed
ok   sort: h unique
ok   sort: human-numeric-sort spelled long
ok   sort: h plain numbers
ok   sort: M on months
ok   sort: M reversed
ok   sort: M unique
ok   sort: month-sort spelled long
ok   sort: M short names are not months
ok   sort: sort=numeric
ok   sort: sort=month
ok   sort: sort=human-numeric
ok   sort: sort=WORD abbreviated
ok   sort: sort=WORD that is not one
ok   sort: sort=WORD ambiguous
ok   sort: sort=WORD case matters
ok   sort: sort=month then numeric
ok   sort: n and g together
ok   sort: n and M together
ok   sort: h and M together
ok   sort: n and R together
ok   sort: g and V together
ok   sort: all six numeric kinds
ok   sort: f folds case
ok   sort: f on mixed case
ok   sort: f puts underscore after letters
ok   sort: f unique keeps the first seen
ok   sort: f stable
ok   sort: f reversed
ok   sort: ignore-case spelled long
ok   sort: d ignores punctuation
ok   sort: d on words
ok   sort: d unique
ok   sort: d keeps tabs
ok   sort: dictionary-order spelled long
ok   sort: i ignores control bytes
ok   sort: i on the control fixture
ok   sort: i ignores high bytes
ok   sort: i ignores tabs
ok   sort: ignore-nonprinting spelled long
ok   sort: d and i together
ok   sort: d and f together
ok   sort: f d and i together
ok   sort: b on indented lines
ok   sort: b on words
ok   sort: b unique
ok   sort: ignore-leading-blanks spelled long
ok   sort: b with n
ok   sort: d and n together
ok   sort: i and n together
ok   sort: d and M together
ok   sort: i and g together
ok   sort: i and h together
ok   sort: d f i and n together
ok   sort: k on the second field
ok   sort: k on the second field only
ok   sort: k 2b skips the field's blanks
ok   sort: k 2,2n numeric on one field
ok   sort: k 2n spans to the end
ok   sort: k with global n inherited
ok   sort: k with global b inherited
ok   sort: k with its own letter inherits nothing
ok   sort: k global r inherited
ok   sort: k own r only
ok   sort: two keys
ok   sort: two keys, the second numeric
ok   sort: k with s keeps input order
ok   sort: k with u
ok   sort: k with u, blanks skipped
ok   sort: k last resort breaks ties
ok   sort: k last resort reversed by r
ok   sort: k own r does not reverse the last resort
ok   sort: k on a character
ok   sort: k from a character to the end
ok   sort: k char past the field end
ok   sort: k char past the line end
ok   sort: k end before start is empty
ok   sort: k field past the line
ok   sort: k 2.2b,2.3
ok   sort: k 2.2,2.3b
ok   sort: k 1,1.9b
ok   sort: k end char zero is the field end
ok   sort: k a tab is a blank
ok   sort: t on the passwd fixture
ok   sort: t by shell then name
ok   sort: t by home directory, reversed
ok   sort: t with empty fields
ok   sort: t a field that is not there
ok   sort: t a space separator
ok   sort: t NUL spelled backslash zero
ok   sort: t the same twice
ok   sort: field-separator spelled long
ok   sort: key abbreviated
ok   sort: t two different
ok   sort: t empty
ok   sort: t two characters
ok   sort: t a backslash escape is two characters
ok   sort: k field zero
ok   sort: k character zero
ok   sort: k end field zero
ok   sort: k not a number
ok   sort: k empty
ok   sort: k a stray letter
ok   sort: k nothing after the dot
ok   sort: k not a number after the dot
ok   sort: k two dots
ok   sort: k nothing after the comma
ok   sort: k a negative field
ok   sort: k a plus sign is taken
ok   sort: k a leading blank is taken
ok   sort: k b before the dot is stray
ok   sort: k three dots
ok   sort: k two commas
ok   sort: k a stray letter at the end
ok   sort: k a huge field clamps
ok   sort: k a huge character clamps
ok   sort: k letters b twice
ok   sort: k incompatible letters
ok   sort: k incompatible across ends
ok   sort: k global letters do not reach a key with its own
ok   sort: k the first bad key wins
ok   sort: c on sorted input
ok   sort: c on unsorted input
ok   sort: c on standard input
ok   sort: c names standard input as a dash
ok   sort: c on empty input
ok   sort: c on a last line with no newline
ok   sort: c with duplicates is sorted
ok   sort: c with u and duplicates is not
ok   sort: c with r
ok   sort: c with n
ok   sort: c uses the last resort
ok   sort: c with s does not
ok   sort: c with u on equal keys
ok   sort: c a missing file
ok   sort: C a missing file
ok   sort: c a directory
ok   sort: c two files
ok   sort: c with o
ok   sort: C with o
ok   sort: C two files
ok   sort: C on unsorted input says nothing
ok   sort: C on sorted input
ok   sort: check alone is c
ok   sort: check=quiet
ok   sort: check=silent
ok   sort: check=diagnose-first
ok   sort: check=WORD abbreviated
ok   sort: check=WORD that is not one
ok   sort: check=WORD empty is ambiguous
ok   sort: check abbreviated
ok   sort: check does not take the next word
ok   sort: c then C
ok   sort: C then c
ok   sort: c and m: c wins
ok   sort: c with z
ok   sort: c with standard output closed
ok   sort: m two sorted files
ok   sort: m three files and standard input
ok   sort: m unsorted input is merged as it stands
ok   sort: m r on reverse-sorted inputs
ok   sort: m u across files
ok   sort: m u on duplicates
ok   sort: m a last line with no newline
ok   sort: m with keys
ok   sort: m a missing file
ok   sort: m a directory
ok   sort: m one file
ok   sort: m empty inputs
ok   sort: merge spelled long
ok   sort: o to standard output's path
ok   sort: o twice the same
ok   sort: o twice different
ok   sort: o a directory
ok   sort: o a path that cannot exist
ok   sort: o empty
ok   sort: o a missing input is reported first
ok   sort: output spelled long
ok   sort: m with o
ok   sort: z sorts NUL-terminated items
ok   sort: z keeps newlines inside items
ok   sort: z supplies a missing NUL
ok   sort: z on newline text is one item
ok   sort: z a newline is a blank between fields
ok   sort: z a newline starts a field
ok   sort: z with u
ok   sort: z with m
ok   sort: zero-terminated spelled long
ok   sort: S tiny on a small input needs no temporary file
ok   sort: S tiny spills, and T names no directory
ok   sort: T names no directory, the default buffer is enough
ok   sort: S tiny, many runs, merged
ok   sort: S tiny, more runs than one batch
ok   sort: S tiny, many runs, reversed
ok   sort: S tiny, many runs, unique
ok   sort: S tiny, many runs, numeric key
ok   sort: S tiny, stable across runs
ok   sort: S tiny, unique across runs keeps the first
ok   sort: S tiny, the last resort across runs
ok   sort: S tiny, a batch of two merges in levels
ok   sort: S tiny, z
ok   sort: S tiny, to a file with o
ok   sort: S tiny with a line longer than a read
ok   sort: S spelled long
ok   sort: S with b
ok   sort: S with no suffix is KiB
ok   sort: S with M
ok   sort: S with lower-case k
ok   sort: S with G
ok   sort: S with a percentage
ok   sort: S zero
ok   sort: S empty
ok   sort: S negative
ok   sort: S a bad suffix
ok   sort: S a fraction
ok   sort: S too large
ok   sort: S twice, the last wins
ok   sort: T spelled long
ok   sort: batch-size two
ok   sort: batch-size one
ok   sort: batch-size zero
ok   sort: batch-size not a number
ok   sort: parallel one
ok   sort: parallel eight
ok   sort: parallel with a plus
ok   sort: parallel with a leading blank
ok   sort: parallel zero
ok   sort: parallel not a number
ok   sort: parallel negative
ok   sort: parallel a bad suffix
ok   tac: three lines
ok   tac: standard input by default
ok   tac: a dash operand is standard input
ok   tac: a last record with no separator keeps none
ok   tac: no trailing newline, several records
ok   tac: empty input
ok   tac: empty standard input
ok   tac: one byte and no separator
ok   tac: a single separator and nothing else
ok   tac: two separators in a row
ok   tac: leading separator
ok   tac: runs of empty lines
ok   tac: twelve lines
ok   tac: a one-line file
ok   tac: binary input is byte exact
ok   tac: NUL bytes in the records
ok   tac: CRLF is not special
ok   tac: UTF-8 passes through as bytes
ok   tac: -- ends the options
ok   tac: two operands are reversed separately
ok   tac: the same operand twice
ok   tac: a file and standard input
ok   tac: standard input twice reads it once
ok   tac: an empty operand among full ones
ok   tac: -b puts the separator before its record
ok   tac: --before
ok   tac: -b with no trailing separator
ok   tac: -b on input with no separator at all
ok   tac: -b on a leading separator
ok   tac: -b on empty input
ok   tac: -b on a single separator
ok   tac: -b on two separators in a row
ok   tac: -s a single character
ok   tac: --separator
ok   tac: -s attached
ok   tac: -s where the input ends with the separator
ok   tac: -s where it does not
ok   tac: -s several characters
ok   tac: -s several characters, trailing
ok   tac: -s a separator that overlaps itself
ok   tac: -s a separator longer than the input
ok   tac: -s the empty string
ok   tac: -s the empty string on empty input
ok   tac: -s a newline, spelled out
ok   tac: -s a tab
ok   tac: -s where the whole input is one separator
ok   tac: -s with -b
ok   tac: -s with -b, trailing separator
ok   tac: -s with -b, several characters
ok   tac: -s requires an argument
ok   tac: -r a literal expression
ok   tac: --regex
ok   tac: -r a dot matches any byte
ok   tac: -r a bracket expression
ok   tac: -r a negated bracket expression
ok   tac: -r a bracket range
ok   tac: -r [[:digit:]] is a bracket and a literal bracket, not a class
ok   tac: -r [[:alpha:]] likewise, over digits
ok   tac: -r [[:space:]] likewise, over blanks
ok   tac: -r a star, and the backwards bound that splits a run
ok   tac: -r a plus over a run
ok   tac: -r a question mark matching the empty string
ok   tac: -r a star that can match nothing
ok   tac: -r a greedy star inside a longer expression
ok   tac: -r an anchored expression
ok   tac: -r an anchor that does not match
ok   tac: -r an escaped metacharacter
ok   tac: -r an escaped star
ok   tac: -r with -b
ok   tac: -r an expression matching nothing
ok   tac: -r an empty expression
ok   tac: -r a two-atom literal
ok   tac: -r on empty input
ok   tac: -r a bracket holding a right bracket first
ok   tac: -r a bracket holding a literal dash last
SKIP tac: -r a group, which this tac does not implement (GNU reads \( … \) as a group and this subset reads the backslash as an escape, so GNU splits on `xy` and boreutils splits on `(` and `)`. wolf 0.2.14 has no regular-expression surface to borrow and the header states the subset; the divergence is recorded here rather than pinned.)
SKIP tac: -r an alternation, which this tac does not implement (GNU reads \| as alternation; this subset reads it as a literal bar. Same reason as the group case above.)
ok   tac: a missing operand
ok   tac: a missing operand among good ones
SKIP tac: a directory operand (the hosts disagree about reading a directory at one coreutils release: EISDIR ('Is a directory') on Arch and macOS, EINVAL ('Invalid argument') on ubuntu-latest's staged 9.11. boreutils has no errno text behind an fs row (wolf-lang#407) and says 'Is a directory'.)
ok   tac: an operand whose name needs quoting
ok   tac: an operand with a single quote in it
ok   tac: an operand with a tab in it
ok   tac: an empty operand
ok   tac: an unknown short option
ok   tac: an unknown long option
ok   tac: a long option that does not take an argument
ok   tac: an abbreviated long option
ok   tac: an ambiguous abbreviation
ok   tac: a cluster of short options
ok   tac: options after an operand permute
ok   tac: POSIXLY_CORRECT stops permuting
ok   tac: --help
ok   tac: --version
ok   tac: --help wins over a later bad option
ok   tac: a bad option before --help does not
ok   tac: standard output closed
ok   tac: standard output closed, version
ok   tac: standard output closed, writing nothing
ok   tac: a write error on a live descriptor
ok   tac: the reader goes away
ok   tac: a large input through a pipe
ok   tail: default, more lines than ten
ok   tail: default, fewer lines than ten
ok   tail: default on an empty file
ok   tail: default on stdin
ok   tail: a dash operand reads stdin
ok   tail: no operand and no stdin
ok   tail: n 3
ok   tail: n 0
ok   tail: n attached
ok   tail: n long with equals
ok   tail: n more than the file holds
ok   tail: n a leading minus is no second sign
ok   tail: n on a file with no final newline
ok   tail: n 1 on a file with no final newline
ok   tail: n 2 of three lines with no final newline
ok   tail: n 2 of three lines with a final newline
ok   tail: n 3 of three lines with no final newline
ok   tail: n 1 of a stream of bare delimiters
ok   tail: n 2 of a stream of bare delimiters
ok   tail: n 1 of a stream with no delimiter at all
ok   tail: n plus 3, from line three
ok   tail: n plus 0 is the whole file
ok   tail: n plus 1 is the whole file
ok   tail: n plus past the end
ok   tail: n plus on a pipe
ok   tail: n plus then a blank is a parse error
ok   tail: n minus then a blank, the sign is consumed
ok   tail: n plus then a minus is a parse error
ok   tail: n given twice, the last wins
ok   tail: n overflowing is not an error
ok   tail: n plus overflowing is not an error
ok   tail: c 5
ok   tail: c 0
ok   tail: c more than the file holds
ok   tail: c minus 5
ok   tail: c minus 0
ok   tail: c plus 5, from byte five
ok   tail: c plus 0 is the whole file
ok   tail: c on a pipe, where no fstat can help
ok   tail: c plus on a pipe
ok   tail: c on a file with no final newline
ok   tail: c on binary input
ok   tail: c with the K multiplier
ok   tail: c splits a multibyte character
ok   tail: n then c, the last wins
ok   tail: c then n, the last wins
ok   tail: a count that is not a number
ok   tail: an empty count
ok   tail: two files get banners
ok   tail: two files quiet
ok   tail: one file verbose
ok   tail: verbose then quiet, the last wins
ok   tail: the long silent spelling
FAIL tail: stdin is named standard input in a banner  args=['-v', '-n', '1', '-']
    bore stdout: b'==> standard input <==\nb\n'
    bore stderr: b''
    bore exit: 0
    gnu  stdout: b"==> 'standard input' <==\nb\n"
    gnu  stderr: b''
    gnu  exit: 0
FAIL tail: a dash beside a file  args=['-n', '1', '-', 'tests/fixtures/plain.txt']
    bore stdout: b'==> standard input <==\nb\n\n==> tests/fixtures/plain.txt <==\ngamma\n'
    bore stderr: b''
    bore exit: 0
    gnu  stdout: b"==> 'standard input' <==\nb\n\n==> tests/fixtures/plain.txt <==\ngamma\n"
    gnu  stderr: b''
    gnu  exit: 0
ok   tail: three files
ok   tail: a missing operand
ok   tail: a missing operand between two that exist
ok   tail: a directory operand
ok   tail: a directory operand among files takes a banner
ok   tail: an empty operand name
ok   tail: a name that has to be quoted
ok   tail: a name holding a tab
ok   tail: an unknown option
ok   tail: a leading plus is an operand, not the old from-line-K form
ok   tail: z on NUL records
ok   tail: z on text, which holds no NUL at all
ok   tail: z plus on NUL records
ok   tail: z long spelling
ok   tail: obsolete NUM
ok   tail: obsolete zero
ok   tail: obsolete NUM with c
ok   tail: obsolete NUM with l
ok   tail: obsolete NUM with q is not a tail spelling
ok   tail: obsolete NUM with v is not a tail spelling
ok   tail: obsolete NUM with z is not a tail spelling
ok   tail: obsolete NUM with b, which is 512-byte blocks here
ok   tail: obsolete NUM with b on a file bigger than one block
ok   tail: obsolete NUM with two unit letters
SKIP tail: obsolete NUM with l then f (-f on a regular file never returns)
ok   tail: obsolete NUM with f then a unit letter is the wrong order
ok   tail: obsolete NUM with a unit letter twice
ok   tail: obsolete NUM with a letter that names nothing
ok   tail: obsolete NUM anywhere but first
ok   tail: obsolete NUM beside another option
ok   tail: another option beside obsolete NUM
ok   tail: obsolete NUM with two operands
ok   tail: obsolete NUM with one operand after a double dash
ok   tail: obsolete NUM with no operand at all
ok   tail: obsolete NUM twice
ok   tail: f on a pipe ends at end of input
FAIL tail: f on a pipe with a banner  args=['-f', '-v', '-n', '1', '-']
    bore stdout: b'==> standard input <==\nc\n'
    bore stderr: b''
    bore exit: 0
    gnu  stdout: b"==> 'standard input' <==\nc\n"
    gnu  stderr: b''
    gnu  exit: 0
ok   tail: retry without following is a warning
ok   tail: pid without following is a warning
ok   tail: both warnings at once
ok   tail: sleep interval accepts a decimal
ok   tail: sleep interval accepts an integer
ok   tail: a sleep interval that is not a number
ok   tail: follow with a word that is not one
ok   tail: follow with an empty word is ambiguous
ok   tail: follow abbreviated, with a word that is not one
ok   tail: follow's word is case-sensitive
ok   tail: follow by name refuses standard input
ok   tail: follow by name refuses a dash among files
ok   tail: F refuses standard input
ok   tail: follow by an abbreviated name refuses standard input
ok   tail: follow by descriptor on a pipe ends at end of input
ok   tail: follow by an abbreviated descriptor on a pipe
ok   tail: a bare follow does not take the next word
ok   tail: the last follow wins, descriptor after name
ok   tail: the last follow wins, f after name
ok   tail: the last follow wins, name after f
ok   tail: the last follow wins, F after f
ok   tail: F then f keeps the retry and warns about it
ok   tail: retry with a descriptor follow warns
ok   tail: a short f does not take a word
SKIP tail: follow a regular file for ever (a live follow never returns, so it cannot be a differential case; the lane report carries the hand-run transcript)
ok   tail: a double dash ends the options
ok   tail: options permute with operands
ok   tail: POSIXLY_CORRECT stops the permutation
ok   tail: a short cluster
ok   tail: help alone
ok   tail: version alone
ok   tail: an unknown long option
ok   tail: standard output closed
ok   tail: standard output closed, two operands, one message
ok   tail: standard output closed, nothing was written
ok   tail: standard output closed, the open error comes first
ok   tail: standard output closed, version
ok   tail: standard output closed, a usage error comes first
ok   tail: a write error on a live descriptor
ok   tee: standard input to standard output
ok   tee: no standard input at all
ok   tee: binary bytes
ok   tee: a file
ok   tee: two files
ok   tee: an existing file is truncated
ok   tee: -a appends
ok   tee: --append
ok   tee: --app abbreviated
ok   tee: -a creates a missing file
ok   tee: -a on one file and not another: -a is global
ok   tee: a FILE named -
ok   tee: -- then a FILE named -a
ok   tee: one file named twice, truncating
ok   tee: one file named twice, appending
ok   tee: empty input creates the files empty
ok   tee: empty input with -a leaves a file alone
ok   tee: no newline at the end
ok   tee: a megabyte through, to two files
ok   tee: binary bytes to a file
ok   tee: options permute
ok   tee: POSIXLY_CORRECT: -a after a file is a file
ok   tee: a file in a directory that does not exist
ok   tee: two files that cannot be opened
ok   tee: an empty file name
ok   tee: a directory
ok   tee: a directory with -a
ok   tee: a file that may not be written
ok   tee: --output-error=exit stops at a file that cannot be opened
ok   tee: --output-error=exit stops at a directory
ok   tee: --output-error=exit-nopipe stops at a file that cannot be opened
ok   tee: --output-error=warn carries on past a file that cannot be opened
ok   tee: --output-error=warn-nopipe carries on
ok   tee: --output-error with no word is warn-nopipe
ok   tee: -p is warn-nopipe
ok   tee: -p then exit: the last wins
ok   tee: exit then -p: the last wins
ok   tee: a mode word abbreviated
ok   tee: warn- is warn-nopipe
ok   tee: an ambiguous mode word
ok   tee: an empty mode word is ambiguous
ok   tee: an invalid mode word
ok   tee: -ap clustered
ok   tee: standard output closed: diagnosed, the files still written
ok   tee: standard output closed, nothing to write
ok   tee: standard output closed under --output-error=exit
ok   tee: standard output closed under -p
ok   tee: standard output closed and no file
ok   tee: help
ok   tee: version
ok   tee: help with standard output closed
ok   tee: an unknown option
ok   tee: an unknown long option
ok   tee: --append takes no argument
ok   tee: /dev/full as a FILE: diagnosed, the others still written
ok   tee: /dev/full twice
ok   tee: /dev/full under --output-error=exit stops before the next file
ok   tee: /dev/full under --output-error=warn
ok   tee: standard output into a full disk: the files still written
ok   tee: standard output into a full disk under --output-error=exit
ok   tee: a reader that goes away: SIGPIPE, as GNU's default
ok   tee: a reader that goes away, with a file
SKIP tee: -p: a reader that goes away is dropped, status 0 (needs SIGPIPE ignored and EPIPE seen; wolf 0.2.20 can do neither, so this dies of SIGPIPE (141) where GNU exits 0 (wolf-lang#423))
SKIP tee: -p: the file is still written to the end (needs SIGPIPE ignored and EPIPE seen (wolf-lang#423))
SKIP tee: --output-error=warn: Broken pipe is diagnosed, status 1 (needs SIGPIPE ignored and EPIPE seen (wolf-lang#423))
SKIP tee: --output-error=exit: Broken pipe is diagnosed, status 1 (needs SIGPIPE ignored and EPIPE seen (wolf-lang#423))
SKIP tee: --output-error=exit-nopipe: a broken pipe is not an error (needs SIGPIPE ignored and EPIPE seen (wolf-lang#423))
SKIP tee: -i ignores interrupts (refused by name: ignoring SIGINT needs a signal disposition wolf 0.2.20 does not have (wolf-lang#423))
SKIP tee: --ignore-interrupts (refused by name: ignoring SIGINT needs a signal disposition wolf 0.2.20 does not have (wolf-lang#423))
ok   tr: lower to upper by range
ok   tr: array2 shorter: its last character repeats
ok   tr: array2 longer: the excess is ignored
ok   tr: one-character arrays
ok   tr: a later element of array1 wins the byte
ok   tr: a repeat in array1 with an explicit count
ok   tr: the fill form in array2 pads to array1's length
ok   tr: an explicit repeat count in array2
ok   tr: a repeat count starting with 0 is octal
ok   tr: a repeat count of 0 is the fill form
ok   tr: the fill form before ordinary characters
ok   tr: the fill form after ordinary characters
ok   tr: the fill form when array1 is shorter than the rest of array2
ok   tr: -t cuts array1 to array2's length
ok   tr: --truncate-set1 by its long name
ok   tr: -t makes an empty array2 legal
ok   tr: an empty array1 translates nothing
ok   tr: two empty arrays are a no-op, not an error
ok   tr: a dash is an ordinary character at the end of an array
ok   tr: a range of one character
ok   tr: ranges on both sides
ok   tr: a class expands in ascending byte order
ok   tr: alnum is digits, then upper, then lower
ok   tr: lower to upper by class
ok   tr: upper to lower by class
ok   tr: two class pairs in one translation
ok   tr: a class aligned after an ordinary character
ok   tr: a class aligned after a range
ok   tr: a class aligned after a repeat
ok   tr: a class before a range
ok   tr: a class in array1 alone
ok   tr: punct deleted from every byte
ok   tr: digit deleted from every byte
ok   tr: cntrl deleted from every byte
ok   tr: space deleted from every byte
ok   tr: blank deleted from every byte
ok   tr: graph deleted from every byte
ok   tr: print deleted from every byte
ok   tr: xdigit deleted from every byte
ok   tr: alnum deleted from every byte
ok   tr: alpha deleted from every byte
ok   tr: upper deleted from every byte
ok   tr: lower deleted from every byte
ok   tr: an equivalence class is one character in the C locale
ok   tr: an equivalence class in array2 is legal when not translating
ok   tr: -d deletes
ok   tr: --delete by its long name
ok   tr: -d with a class
ok   tr: -d deletes spaces
ok   tr: -d deletes a NUL byte
ok   tr: -d removes every newline
ok   tr: -s squeezes the one array given
ok   tr: --squeeze-repeats by its long name
ok   tr: -s with two arrays squeezes array2, after translating
ok   tr: -s squeezes only what its array names
ok   tr: -s on a class
ok   tr: -s squeezes what a translation produced
ok   tr: -ds deletes with array1 and squeezes with array2
ok   tr: -d and -s spelled apart
ok   tr: -s squeezes spaces
ok   tr: -s squeezes a run of NUL bytes
ok   tr: -c translates the complement
ok   tr: -C is -c
ok   tr: --complement by its long name
ok   tr: the complement is ascending, so array2 lands in byte order
ok   tr: -c with a multi-character array2
ok   tr: -cd deletes the complement
ok   tr: -cs squeezes the complement
ok   tr: -cds deletes the complement and squeezes array2
ok   tr: -c is applied before -t truncates
ok   tr: -c with a class in array1
ok   tr: the named escapes
ok   tr: a backslash escapes itself
ok   tr: an octal escape
ok   tr: an octal escape followed by a digit
ok   tr: a one-digit octal escape
ok   tr: an escaped range
ok   tr: an unknown escape is the character itself
ok   tr: a trailing backslash warns and is a literal backslash
ok   tr: a trailing backslash in array2 warns too
ok   tr: an octal escape above 377 warns and splits in two
ok   tr: the ambiguous octal warning names its own digits
ok   tr: another ambiguous octal
ok   tr: every byte value through an identity translation
ok   tr: rot13 over every byte value
ok   tr: delete everything but the printable bytes
ok   tr: squeeze every repeated byte
ok   tr: invalid UTF-8 passes through as bytes
ok   tr: empty input
ok   tr: no standard input at all
ok   tr: a last line with no newline
ok   tr: no operands
ok   tr: three operands
ok   tr: the operand count is checked before the arrays are parsed
ok   tr: an invalid class does not beat the extra operand
ok   tr: -d with two arrays
ok   tr: -cd with two arrays
ok   tr: -ds with one array
ok   tr: one array while translating
ok   tr: -t with one array
ok   tr: -c with one array
ok   tr: -s with three arrays
ok   tr: an empty array2 while translating
ok   tr: an invalid option
ok   tr: a leading dash is read as options
ok   tr: -- ends the options
ok   tr: a range in reverse order
ok   tr: a reverse range names its decoded endpoints
ok   tr: an invalid class name
ok   tr: an empty class name
ok   tr: an invalid repeat count
ok   tr: the fill form may not appear in array1
ok   tr: a zero repeat count in array1 is the fill form too
ok   tr: two fill forms in array2
ok   tr: an unclosed bracket is an ordinary character
ok   tr: a star with no closing bracket is ordinary too
ok   tr: a bracket-colon-bracket is three ordinary characters
ok   tr: a bracket-equals-bracket is three ordinary characters
ok   tr: an empty equivalence class
ok   tr: an equivalence class of two characters
ok   tr: array1's error beats array2's
ok   tr: array1's error beats the empty-array2 rule
ok   tr: a class other than upper or lower in array2
ok   tr: space in array2
ok   tr: a class in array2 with nothing aligned in array1
ok   tr: a range of the same length is not an aligned class
ok   tr: a class at a different offset
ok   tr: upper to upper is aligned
ok   tr: lower to lower is aligned
ok   tr: -t with a class in array2
ok   tr: -c makes array1 longer than a class-ending array2
ok   tr: an equivalence class in array2 while translating
ok   tr: -s with a misaligned class in array2 still translates first
ok   tr: --help
ok   tr: --version
ok   tr: --help wins when it comes first
ok   tr: a bad option before --help is still an error
ok   tr: a stream cut short by the reader dies on SIGPIPE
ok   tr: a complementing stream cut short by the reader dies on SIGPIPE
ok   tr: standard output closed
ok   tr: standard output closed, nothing to write
ok   tr: standard output closed, deleting everything
ok   tr: standard output closed, version
ok   tr: standard output closed, a usage error comes first
ok   tr: standard output closed, an array error comes first
ok   tr: a write error on a live descriptor
ok   true: no arguments
ok   true: arguments are ignored
ok   true: help is the sole argument
ok   true: version is the sole argument
ok   true: help is not abbreviated
ok   true: help is not honoured beside another argument
ok   true: version twice is ignored
ok   true: a lone dash is ignored
ok   true: end of options is ignored
ok   true: standard output closed, and nothing is written
ok   true: standard output closed, arguments still ignored
ok   true: standard output closed, version
ok   true: standard output closed, help
ok   unexpand: eight leading spaces become a tab
ok   unexpand: fewer than eight leading spaces stay spaces
ok   unexpand: blanks after the first non-blank are left alone
ok   unexpand: a line with no blanks at all
ok   unexpand: a line of blanks only
ok   unexpand: empty input
ok   unexpand: empty lines
ok   unexpand: no trailing newline
ok   unexpand: standard input by default
ok   unexpand: a dash operand is standard input
ok   unexpand: a file operand
ok   unexpand: two file operands
ok   unexpand: -- ends the options
ok   unexpand: binary input
ok   unexpand: existing tabs are part of the run
ok   unexpand: a tab after spaces in the leading run
ok   unexpand: a single space ending exactly on a stop is NOT converted
ok   unexpand: two spaces ending on a stop ARE converted
ok   unexpand: a single leading space
ok   unexpand: a single leading tab
ok   unexpand: two blanks that reach no stop stay spaces
ok   unexpand: a long run whose first tab saves only one column
ok   unexpand: a run of exactly two at the start of a line
ok   unexpand: -a converts every run
ok   unexpand: --all
ok   unexpand: -a over two runs that each reach a stop
ok   unexpand: -a on trailing blanks at the end of a line
ok   unexpand: -a on a run that spans several stops
ok   unexpand: -a on a tab already there
ok   unexpand: -a on a file of tabs
ok   unexpand: --first-only overrides -a
ok   unexpand: --first-only given before -a still wins
ok   unexpand: --first-only after -t, which implies -a
ok   unexpand: --first-only on its own
ok   unexpand: -t 4 implies -a
ok   unexpand: --tabs
ok   unexpand: -t attached
ok   unexpand: -t 4 is a SIZE, not a stop
ok   unexpand: two explicit stops, and nothing past the last
ok   unexpand: three explicit stops
ok   unexpand: a slash repeat after explicit stops
ok   unexpand: a plus repeat after explicit stops
ok   unexpand: a slash repeat alone is a tab size
ok   unexpand: a plus repeat alone is a tab size
ok   unexpand: a slash repeat of zero falls back to the default
ok   unexpand: an explicit stop with a slash repeat of zero
ok   unexpand: stops separated by blanks
ok   unexpand: -t given twice extends the list
ok   unexpand: -t given twice out of order is not ascending
ok   unexpand: -t 0 is refused
ok   unexpand: -t with a decreasing list
ok   unexpand: -t with an equal pair
ok   unexpand: -t with letters
ok   unexpand: -t with a digit and a letter
ok   unexpand: -t with a stop too large to hold
ok   unexpand: -t with an empty argument
ok   unexpand: -t requires an argument
ok   unexpand: the obsolete -N
ok   unexpand: the obsolete -N with a leading zero
ok   unexpand: a flag then the obsolete size
ok   unexpand: the obsolete size then a flag, which is all tab text
ok   unexpand: after -- the obsolete size is a file name
ok   unexpand: a backspace moves back one column
ok   unexpand: a backspace at column zero
ok   unexpand: a carriage return is an ordinary character here
ok   unexpand: a NUL is worth no columns
ok   unexpand: a carriage return file
ok   unexpand: UTF-8 characters are one column each
ok   unexpand: UTF-8 under LC_ALL=C counts the bytes
ok   unexpand: a wide character is two columns
ok   unexpand: an invalid UTF-8 byte
ok   unexpand: a round trip on the default stops leaves leading blanks alone
ok   unexpand: a round trip shape at -t 4
ok   unexpand: a round trip shape at -t 3,7
ok   unexpand: a round trip shape at -t 3,/5
ok   unexpand: a round trip shape at -t 3,+5
ok   unexpand: a missing operand
ok   unexpand: a missing operand among good ones
ok   unexpand: a directory operand
ok   unexpand: an operand whose name needs quoting
ok   unexpand: an empty operand
ok   unexpand: an unknown short option
ok   unexpand: an unknown long option
ok   unexpand: a long option given an argument it does not take
ok   unexpand: an abbreviated long option
ok   unexpand: an ambiguous abbreviation
ok   unexpand: options after an operand permute
ok   unexpand: POSIXLY_CORRECT stops permuting
ok   unexpand: --help
ok   unexpand: --version
ok   unexpand: --help wins over a later bad option
ok   unexpand: a bad option before --help does not
ok   unexpand: standard output closed
ok   unexpand: standard output closed, version
ok   unexpand: standard output closed, writing nothing
ok   unexpand: a write error on a live descriptor
ok   unexpand: the reader goes away
ok   unexpand: a large input through a pipe
ok   uniq: uniq compares only ADJACENT lines, so a b a stays three groups
ok   uniq: the same point with counts
ok   uniq: an unsorted input is not deduplicated
ok   uniq: no options
ok   uniq: -c
ok   uniq: --count
ok   uniq: -d
ok   uniq: --repeated
ok   uniq: -D
ok   uniq: -u
ok   uniq: --unique
ok   uniq: -c -d
ok   uniq: -c -u
ok   uniq: -d -u prints nothing
ok   uniq: -D -u drops each group's first line
ok   uniq: -d -D is -D
ok   uniq: -u -d is still nothing
ok   uniq: empty input
ok   uniq: empty input with -c
ok   uniq: one line
ok   uniq: every line the same
ok   uniq: a count of more than one digit stays right-aligned
ok   uniq: a last line with no newline still gets one
ok   uniq: a last line with no newline, counted
ok   uniq: a last line with no newline that opens its own group
ok   uniq: a last line with no newline that joins the group before it
ok   uniq: a lone empty line
ok   uniq: empty lines form their own groups
ok   uniq: -i
ok   uniq: -i -c prints the FIRST spelling of the group
ok   uniq: -i -D prints each line as it was written
ok   uniq: --ignore-case
ok   uniq: without -i the same file is four groups
ok   uniq: -f 1
ok   uniq: -f 0 compares everything
ok   uniq: -f past the end of the line makes every line equal
ok   uniq: --skip-fields
ok   uniq: -s 2
ok   uniq: -s past the end of the line
ok   uniq: --skip-chars
ok   uniq: -w 1
ok   uniq: -w 0 compares nothing, so every line is one group
ok   uniq: --check-chars
ok   uniq: -s and -w compose: skip one, then compare one
ok   uniq: -f and -s compose: fields first, then characters
ok   uniq: -f, -s and -w all at once
ok   uniq: -w stops short of a difference
ok   uniq: a shorter line is not equal to a longer one under -w
ok   uniq: -i with -f
ok   uniq: -1 skips one field
ok   uniq: -0 skips none
ok   uniq: consecutive digits accumulate, so -1 -2 is twelve
ok   uniq: -12 is the same twelve
ok   uniq: -3 is three
ok   uniq: another option between the digits starts the number again
ok   uniq: -f after a digit wins
ok   uniq: the obsolete +N is a file name
ok   uniq: --all-repeated
ok   uniq: --all-repeated=none
ok   uniq: --all-repeated=prepend
ok   uniq: --all-repeated=separate
ok   uniq: --all-repeated abbreviated
ok   uniq: --all-repeated does not eat the operand after it
ok   uniq: --all-repeated=separate with only one repeating group
ok   uniq: --all-repeated=prepend with only one repeating group
ok   uniq: --all-repeated with no repeating group at all
ok   uniq: --all-repeated=separate with -u
ok   uniq: an invalid --all-repeated method
ok   uniq: --group
ok   uniq: --group=separate
ok   uniq: --group=prepend
ok   uniq: --group=append
ok   uniq: --group=both
ok   uniq: --group abbreviated
ok   uniq: --group does not eat the operand after it
ok   uniq: --group on a single group
ok   uniq: --group on empty input
ok   uniq: --group with -i
ok   uniq: --group beside -c
ok   uniq: --group beside -d
ok   uniq: --group beside -D
ok   uniq: --group beside -u
ok   uniq: an invalid --group method
ok   uniq: -z
ok   uniq: -z -c
ok   uniq: -z -D
ok   uniq: --zero-terminated
ok   uniq: -z over newline-separated input sees one record
ok   uniq: -z --group
ok   uniq: -z --all-repeated=separate
ok   uniq: -z on a record with no trailing NUL
ok   uniq: standard input by default
ok   uniq: a dash operand is standard input
SKIP uniq: an OUTPUT operand of /dev/stdout (The two hosts' /dev/stdout is not the same object, and GNU meets the difference where boreutils does not. GNU opens an OUTPUT operand for WRITING, and on macOS, whose /dev/stdout is a devfs node rather than linux's /proc/self/fd symlink, that fails when descriptor 1 is a pipe: coreutils 9.11 answers 'uniq: /dev/stdout: Bad file descriptor' and exits 1 there and writes the lines on linux. boreutils opens its output in APPEND mode, which bore's own header measures as the only mode safe on both hosts (wolf-lang#405), so it writes the lines on both. Recorded rather than pinned: neither answer is right on both hosts, and the harness's own stdout is a pipe.)
ok   uniq: an OUTPUT operand of /dev/null
ok   uniq: a dash OUTPUT operand is standard output
ok   uniq: an OUTPUT that cannot be created
ok   uniq: three operands
ok   uniq: a missing INPUT
ok   uniq: a missing INPUT whose name needs quoting
ok   uniq: a missing INPUT whose name holds a quote
ok   uniq: a directory as INPUT
ok   uniq: a directory as OUTPUT
ok   uniq: -- ends the options
ok   uniq: -c with -D
ok   uniq: -D with -c the other way round
ok   uniq: -c with --all-repeated
ok   uniq: a non-numeric -f
ok   uniq: a negative -f
ok   uniq: a non-numeric -s
ok   uniq: a non-numeric -w
ok   uniq: a -f too large to hold is clamped, not refused
ok   uniq: a -w too large to hold is clamped, not refused
ok   uniq: an invalid option
ok   uniq: an unrecognized long option
ok   uniq: --help
ok   uniq: --version
ok   uniq: --help wins when it comes first
ok   uniq: a bad option before --help is still an error
ok   uniq: standard output closed
ok   uniq: standard output closed, nothing to write
ok   uniq: standard output closed, an input that cannot be opened
ok   uniq: standard output closed, version
ok   uniq: standard output closed, a usage error comes first
ok   uniq: a write error on a live descriptor
ok   wc: one file, the default counts
ok   wc: stdin from a pipe
ok   wc: stdin from a regular file
ok   wc: a dash operand reads stdin and is labelled
ok   wc: a dash beside a file
ok   wc: empty file
ok   wc: empty stdin
ok   wc: a last line with no newline still counts words and bytes
ok   wc: binary input, every byte value
ok   wc: binary input on stdin
ok   wc: -l alone
ok   wc: -w alone
ok   wc: -c alone
ok   wc: -m alone
ok   wc: -L alone
ok   wc: --lines long
ok   wc: --bytes long
ok   wc: --chars long
ok   wc: --words long
ok   wc: --max-line-length long
ok   wc: a long option abbreviated to a unique prefix
ok   wc: a short cluster
ok   wc: the print order is fixed whatever order the flags come in
ok   wc: the print order, the other way round
ok   wc: -c and -l together
ok   wc: a repeated flag counts once
ok   wc: -c on a file is an fstat here, and must still agree
ok   wc: -m in the C locale equals -c
ok   wc: width: one file, one column, is not padded
ok   wc: width: one file, two columns, pads to the file size
ok   wc: width: one file, three columns
ok   wc: width: two files pads to the SUM of the sizes, not the largest
ok   wc: width: two files, all three columns
ok   wc: width: three files
ok   wc: width: the same file twice
ok   wc: width: a pipe on stdin is 7 when more than one column
ok   wc: width: a pipe on stdin, one column, is not padded
ok   wc: width: a regular file on stdin pads to its size
ok   wc: width: a pipe beside a regular file is 7
ok   wc: width: a character device is not a regular file, so 7
ok   wc: width: a directory operand forces 7
ok   wc: width: a missing operand contributes nothing and does not force 7
ok   wc: width: an empty file among files
ok   wc: a missing file
ok   wc: a missing file among good ones is skipped, the rest still count
ok   wc: a directory prints a line of zeros and then the error
ok   wc: a directory among files joins the total as zeros
ok   wc: a directory under -l
ok   wc: an unreadable file
SKIP wc: a missing path component (ENOTDIR: GNU says 'Not a directory', the wolf fs rows have no errno behind them and answer `io`, so boreutils says 'Input/output error' (wolf-lang#407))
SKIP wc: a symlink loop (ELOOP: GNU says 'Too many levels of symbolic links', the wolf fs rows answer `io` (wolf-lang#407))
ok   wc: a missing file under a name that needs quoting
ok   wc: an unknown short option
ok   wc: an unknown long option
ok   wc: an unknown short option beside a file
ok   wc: an ambiguous abbreviation
ok   wc: a long option that does not take an argument
ok   wc: --total with no argument
ok   wc: help alone
ok   wc: version alone
ok   wc: --debug is accepted
ok   wc: --total=auto with one file prints no total
ok   wc: --total=auto with two files prints one
ok   wc: --total=always with one file
ok   wc: --total=always with two files
ok   wc: --total=never with two files
ok   wc: --total=only prints the total alone, unpadded and unlabelled
ok   wc: --total=only with one file
ok   wc: --total=only with one column
ok   wc: --total=only still reports a bad operand
ok   wc: --total=only with a directory
ok   wc: --total abbreviated to a unique prefix
ok   wc: --total=alw
ok   wc: --total with an invalid argument
ok   wc: --total with an ambiguous argument
ok   wc: --total with an empty argument
ok   wc: --total=auto on stdin prints no total
ok   wc: --files0-from reads a NUL-separated list
ok   wc: --files0-from with one name prints no total
ok   wc: --files0-from without a trailing NUL
ok   wc: --files0-from with an empty name reports its ordinal and goes on
ok   wc: --files0-from naming a missing file
ok   wc: --files0-from on an empty list produces nothing
ok   wc: --files0-from on a missing list
ok   wc: --files0-from cannot be combined with operands
ok   wc: --files0-from=- reads names from stdin, and the width is 1
ok   wc: --files0-from=- refuses a name of -
ok   wc: --files0-from=- with one name
ok   wc: --files0-from with -l
ok   wc: --files0-from with --total=only
ok   wc: -L: a tab advances to the next multiple of eight
ok   wc: -L: carriage return resets the width, backspace does not
ok   wc: -L: a line with no newline is measured
ok   wc: -L: an empty file
ok   wc: -L: binary bytes are not printable and have width 0
ok   wc: -L: on a pipe
ok   wc: -L: the longest line wins whichever it is
ok   wc: words: every C-locale whitespace byte separates
ok   wc: words: a line of only spaces has none
ok   wc: words: no trailing newline
ok   wc: words: leading and trailing whitespace
ok   wc: lines: a file of newlines
ok   wc: lines: CRLF counts once per LF
ok   wc: UTF-8: -m counts characters where -c counts bytes
ok   wc: C: -m is bytes on the same file
ok   wc: UTF-8: every count on a multibyte file
ok   wc: UTF-8: wide characters, a combining mark and an emoji
ok   wc: C: the same wide file is bytes and zero display width
ok   wc: UTF-8: an invalid byte counts as no character but joins a word
ok   wc: C: the same invalid bytes
ok   wc: UTF-8: binary input, every byte value
ok   wc: C: byte 160 separates words
ok   wc: UTF-8: U+00A0 separates words
ok   wc: UTF-8: U+3000 separates words and is two columns wide
ok   wc: UTF-8: U+0085 does not separate words
ok   wc: UTF-8: U+200B does not separate words and has width 0
ok   wc: UTF-8: a multibyte character split across a read is still one
ok   wc: LC_CTYPE is used when LC_ALL is unset
ok   wc: LANG is used when neither LC_ALL nor LC_CTYPE is set
ok   wc: LC_ALL beats LC_CTYPE
ok   wc: options permute after an operand by default
ok   wc: POSIXLY_CORRECT: an operand ends the options
ok   wc: end of options
ok   wc: end of options protects a file named like an option
ok   wc: width table: U+0591, a Hebrew accent
ok   wc: width table: U+0301, a combining acute
ok   wc: width table: U+1160, a Hangul Jamo medial
ok   wc: width table: U+20D0, a combining mark for symbols
ok   wc: width table: U+3099, a combining kana mark
ok   wc: width table: U+FB1E, a Hebrew point
ok   wc: width table: U+FE0F, a variation selector
ok   wc: width table: U+2E80, a CJK radical
ok   wc: width table: U+4E00, a CJK ideograph
ok   wc: width table: U+AC00, a Hangul syllable
ok   wc: width table: U+FF21, a fullwidth letter
ok   wc: width table: U+FFE5, a fullwidth sign
ok   wc: width table: U+1F600, an emoji
ok   wc: width table: U+1F900, a later emoji
ok   wc: width table: U+2003, an em space
SKIP wc: width table: U+00AD, a soft hyphen (the two hosts' wcwidth disagree here: macOS answers 0 and glibc 1, so no single answer can match GNU on both. boreutils follows glibc, where GNU coreutils is native.)
ok   wc: width table: U+0700, a Syriac mark
SKIP wc: width table: U+070F, a Syriac abbreviation mark (the two hosts' wcwidth disagree here: macOS answers 0 and glibc 1, so no single answer can match GNU on both. boreutils follows glibc, where GNU coreutils is native.)
ok   wc: standard output closed
ok   wc: standard output closed, a later operand is never reached
ok   wc: standard output closed, standard input
ok   wc: standard output closed, version
ok   wc: a write error on a live descriptor
ok   yes: the default line
ok   yes: operands joined by single spaces
ok   yes: an empty operand
ok   yes: end of options
ok   yes: end of options protects --help
ok   yes: a lone dash is an operand
ok   yes: a long line
ok   yes: a non-ASCII operand
ok   yes: options permute after an operand
ok   yes: an unknown short option
ok   yes: an unknown long option
ok   yes: an ambiguous abbreviation
ok   yes: help alone
ok   yes: help abbreviated
ok   yes: version alone
ok   yes: POSIXLY_CORRECT: an operand ends the options
ok   yes: standard output closed
ok   yes: standard output closed, version
difftest: 2637 passed, 5 failed, 32 skipped
